sdf_number,annalog,protonated,isomers
1,c1n(CCC)c(-c2ccc(F)cc2)c(Br)c1C(N[C@@]12C(=O)[C@H]3C[C@@H](C1)C[C@@H](C2)C3)=O,CCCn1cc(C(=O)N[C@@]23C[C@@H]4C[C@@H](C[C@@H](C4)C2=O)C3)c(Br)c1-c1ccc(F)cc1,CCCn1cc(C(=O)N[C@@]23C[C@@H]4C[C@@H](C[C@@H](C4)C2=O)C3)c(Br)c1-c1ccc(F)cc1
2,c1n(CCC(C)C)c(-c2ccc3c(c2)CCC(C)(C)O3)c(C)c1C(N[C@@]12C(=O)[C@H]3C[C@@H](C1)C[C@@H](C2)C3)=O,Cc1c(C(=O)N[C@@]23C[C@@H]4C[C@@H](C[C@@H](C4)C2=O)C3)cn(CCC(C)C)c1-c1ccc2c(c1)CCC(C)(C)O2,Cc1c(C(=O)N[C@@]23C[C@@H]4C[C@@H](C[C@@H](C4)C2=O)C3)cn(CCC(C)C)c1-c1ccc2c(c1)CCC(C)(C)O2
3,N(N)C(c1ccc(Cl)cc1)=O,NNC(=O)c1ccc(Cl)cc1,NNC(=O)c1ccc(Cl)cc1
4,n1nn(Cc2cc(OC)c(OC)c(OC)c2)c(CC)c1C(N[C@@]12C(=O)[C@H]3C[C@@H](C1)C[C@@H](C2)C3)=O,CCc1c(C(=O)N[C@@]23C[C@@H]4C[C@@H](C[C@@H](C4)C2=O)C3)nnn1Cc1cc(OC)c(OC)c(OC)c1,CCc1c(C(=O)N[C@@]23C[C@@H]4C[C@@H](C[C@@H](C4)C2=O)C3)nnn1Cc1cc(OC)c(OC)c(OC)c1
5,c1n(CC)c2c(c1N)-c1nc[nH]c1CC2,CCn1cc(N)c2c1CCc1[nH]cnc1-2,CCn1cc(N)c2c1CCc1[nH]cnc1-2
6,c1n(CC)c2c(c1N)-c1nc[nH]c1CC2,CCn1cc(N)c2c1CCc1nc[nH]c1-2,CCn1cc(N)c2c1CCc1nc[nH]c1-2
7,c1n(CC)c2c(c1N)-c1nc[nH]c1CC2,CCn1cc(N)c2c1CCc1[nH]c[nH+]c1-2,CCn1cc(N)c2c1CCc1[nH]c[nH+]c1-2
8,c1(/C=C\c2ccc(OC(F)(F)F)cc2)sc(C(F)(F)F)c(Cl)c1C(N[C@@]12C(=O)[C@H]3C[C@@H](C1)C[C@@H](C2)C3)=O,O=C(N[C@@]12C[C@@H]3C[C@@H](C[C@@H](C3)C1=O)C2)c1c(/C=C\c2ccc(OC(F)(F)F)cc2)sc(C(F)(F)F)c1Cl,O=C(N[C@@]12C[C@@H]3C[C@@H](C[C@@H](C3)C1=O)C2)c1c(/C=C\c2ccc(OC(F)(F)F)cc2)sc(C(F)(F)F)c1Cl
9,c1n(-c2ccc(Cl)c(Cl)c2)c(SCCNC)c(C(=O)NN)n1,C[NH2+]CCSc1c(C(=O)NN)ncn1-c1ccc(Cl)c(Cl)c1,C[NH2+]CCSc1c(C(=O)NN)ncn1-c1ccc(Cl)c(Cl)c1
10,c1n(-c2ccc(Cl)c(Cl)c2)c(SCCNC)c(C(=O)NN)n1,C[NH2+]CCSc1c(C(=O)NN)[nH+]cn1-c1ccc(Cl)c(Cl)c1,C[NH2+]CCSc1c(C(=O)NN)[nH+]cn1-c1ccc(Cl)c(Cl)c1
11,C1CCc2n3c(cnc3-c3ccc(F)cc3)[nH]c2N1[C@@]12C(=O)[C@H]3C[C@@H](C1)C[C@@H](C2)C3,O=C1[C@@H]2C[C@H]3C[C@@H](C2)C[C@]1(N1CCCc2c1[nH]c1cnc(-c4ccc(F)cc4)n21)C3,O=C1[C@@H]2C[C@H]3C[C@@H](C2)C[C@]1(N1CCCc2c1[nH]c1cnc(-c4ccc(F)cc4)n21)C3
12,C1CCc2n3c(cnc3-c3ccc(F)cc3)[nH]c2N1[C@@]12C(=O)[C@H]3C[C@@H](C1)C[C@@H](C2)C3,O=C1[C@@H]2C[C@H]3C[C@@H](C2)C[C@]1(N1CCCc2c1[nH]c1c[nH+]c(-c4ccc(F)cc4)n21)C3,O=C1[C@@H]2C[C@H]3C[C@@H](C2)C[C@]1(N1CCCc2c1[nH]c1c[nH+]c(-c4ccc(F)cc4)n21)C3
13,[C@@H]12C[C@@H]3C[C@@H](C[C@@](NC(=O)/C=C/c4ccccc4)(C3=O)C1)C2,O=C(/C=C/c1ccccc1)N[C@@]12C[C@@H]3C[C@@H](C[C@@H](C3)C1=O)C2,O=C(/C=C/c1ccccc1)N[C@@]12C[C@@H]3C[C@@H](C[C@@H](C3)C1=O)C2
14,[C@@H]12C[C@@H]3C[C@@H](C[C@@](NC(=O)c4ccc(-c5ccccc5)cc4)(C3=O)C1)C2,O=C(N[C@@]12C[C@@H]3C[C@@H](C[C@@H](C3)C1=O)C2)c1ccc(-c2ccccc2)cc1,O=C(N[C@@]12C[C@@H]3C[C@@H](C[C@@H](C3)C1=O)C2)c1ccc(-c2ccccc2)cc1
15,[C@@H]12C[C@@H]3C[C@@H](C[C@@](NC(=O)NCCc4cc(Cl)c(Cl)cc4)(C3=O)C1)C2,O=C(NCCc1ccc(Cl)c(Cl)c1)N[C@@]12C[C@@H]3C[C@@H](C[C@@H](C3)C1=O)C2,O=C(NCCc1ccc(Cl)c(Cl)c1)N[C@@]12C[C@@H]3C[C@@H](C[C@@H](C3)C1=O)C2
16,[C@@H]12C[C@@H]3C[C@@H](C[C@@](NC(=O)c4c5c(cc(OC)c4)CCC5)(C3=O)C1)C2,COc1cc2c(c(C(=O)N[C@@]34C[C@@H]5C[C@@H](C[C@@H](C5)C3=O)C4)c1)CCC2,COc1cc2c(c(C(=O)N[C@@]34C[C@@H]5C[C@@H](C[C@@H](C5)C3=O)C4)c1)CCC2
17,[C@@H]12C[C@@H]3C[C@@H](C[C@@](NC(=O)c4c(C)cc(-c5ccccc5)[nH]c4=O)(C3)C1)C2,Cc1cc(-c2ccccc2)[nH]c(=O)c1C(=O)N[C@]12C[C@H]3C[C@H](C[C@H](C3)C1)C2,Cc1cc(-c2ccccc2)[nH]c(=O)c1C(=O)N[C@]12C[C@H]3C[C@H](C[C@H](C3)C1)C2
18,[C@@H]12C[C@@H]3C[C@@H](C[C@@](NC(=O)c4c(C)cc(-c5ccccc5)[nH]c4=O)(C3)C1)C2,Cc1cc(-c2ccccc2)nc(O)c1C(=O)N[C@]12C[C@H]3C[C@H](C[C@H](C3)C1)C2,Cc1cc(-c2ccccc2)nc(O)c1C(=O)N[C@]12C[C@H]3C[C@H](C[C@H](C3)C1)C2
19,[C@@H]12C[C@@H]3C[C@@H](C[C@@](/N=C/c4c(C)c(-c5occc5)n(Cc5cc(F)c(Cl)cc5)c4)(C3=O)C1)C2,Cc1c(/C=N/[C@@]23C[C@@H]4C[C@@H](C[C@@H](C4)C2=O)C3)cn(Cc2ccc(Cl)c(F)c2)c1-c1ccco1,Cc1c(/C=N/[C@@]23C[C@@H]4C[C@@H](C[C@@H](C4)C2=O)C3)cn(Cc2ccc(Cl)c(F)c2)c1-c1ccco1
20,C12C[C@@H]3C[C@@H](C[C@@](NC(=O)c4c(C)cn(Cc5c(F)coc5F)c4F)(C3=O)C1)C2O,Cc1cn(Cc2c(F)coc2F)c(F)c1C(=O)N[C@]12CC3C[C@H](C[C@@H](C1)C3O)C2=O,Cc1cn(Cc2c(F)coc2F)c(F)c1C(=O)N[C@]12C[C@H]3C[C@H](C[C@@H](C1)[C@@H]3O)C2=O
21,C12C[C@@H]3C[C@@H](C[C@@](NC(=O)c4c(C)cn(Cc5c(F)coc5F)c4F)(C3=O)C1)C2O,Cc1cn(Cc2c(F)coc2F)c(F)c1C(=O)N[C@]12CC3C[C@H](C[C@@H](C1)C3O)C2=O,Cc1cn(Cc2c(F)coc2F)c(F)c1C(=O)N[C@]12C[C@H]3C[C@H](C[C@@H](C1)[C@H]3O)C2=O
22,c1(C(=O)N[C@@]23C[C@@H]4C[C@@H](C[C@H](C2)C4)C3=O)cn(-c2ccc(F)c(Cl)c2)c(-c2ccccc2)c1C,Cc1c(C(=O)N[C@@]23C[C@@H]4C[C@@H](C[C@@H](C4)C2=O)C3)cn(-c2ccc(F)c(Cl)c2)c1-c1ccccc1,Cc1c(C(=O)N[C@@]23C[C@@H]4C[C@@H](C[C@@H](C4)C2=O)C3)cn(-c2ccc(F)c(Cl)c2)c1-c1ccccc1
23,c1(C(=O)N[C@@]23C[C@@H]4C[C@@H](C[C@H](C2)C4)C3=O)cn(Cc2ccccc2)c2c1cccc2,O=C(N[C@@]12C[C@@H]3C[C@@H](C[C@@H](C3)C1=O)C2)c1cn(Cc2ccccc2)c2ccccc12,O=C(N[C@@]12C[C@@H]3C[C@@H](C[C@@H](C3)C1=O)C2)c1cn(Cc2ccccc2)c2ccccc12
24,c1(C(=O)N[C@@]23C[C@@H]4C[C@@H](C[C@H](C2)C4)C3=O)cn(C(c2ccc(Cl)cc2)C)c(-c2ccccc2)c1C,Cc1c(C(=O)N[C@@]23C[C@@H]4C[C@@H](C[C@@H](C4)C2=O)C3)cn(C(C)c2ccc(Cl)cc2)c1-c1ccccc1,Cc1c(C(=O)N[C@@]23C[C@@H]4C[C@@H](C[C@@H](C4)C2=O)C3)cn([C@H](C)c2ccc(Cl)cc2)c1-c1ccccc1
25,c1(C(=O)N[C@@]23C[C@@H]4C[C@@H](C[C@H](C2)C4)C3=O)cn(C(c2ccc(Cl)cc2)C)c(-c2ccccc2)c1C,Cc1c(C(=O)N[C@@]23C[C@@H]4C[C@@H](C[C@@H](C4)C2=O)C3)cn(C(C)c2ccc(Cl)cc2)c1-c1ccccc1,Cc1c(C(=O)N[C@@]23C[C@@H]4C[C@@H](C[C@@H](C4)C2=O)C3)cn([C@@H](C)c2ccc(Cl)cc2)c1-c1ccccc1
26,c1(C(=O)N[C@@]23C[C@@H]4C[C@@H](C[C@H](C2)C4)C3=O)sc(-c2ccccc2)nc1,O=C(N[C@@]12C[C@@H]3C[C@@H](C[C@@H](C3)C1=O)C2)c1cnc(-c2ccccc2)s1,O=C(N[C@@]12C[C@@H]3C[C@@H](C[C@@H](C3)C1=O)C2)c1cnc(-c2ccccc2)s1
27,C1[C@H]2C[C@@H]3C[C@@](NC(c4nn(Cc5ccccc5)c(-c5ccccc5)c4C)=O)(C[C@H]1C3)C2,Cc1c(C(=O)N[C@]23C[C@H]4C[C@H](C[C@H](C4)C2)C3)nn(Cc2ccccc2)c1-c1ccccc1,Cc1c(C(=O)N[C@]23C[C@H]4C[C@H](C[C@H](C4)C2)C3)nn(Cc2ccccc2)c1-c1ccccc1
28,C1[C@H]2C[C@@H]3C[C@@](O)(C[C@H]1C3)C2,O[C@]12C[C@H]3C[C@H](C[C@H](C3)C1)C2,O[C@]12C[C@H]3C[C@H](C[C@H](C3)C1)C2
29,C1[C@H]2C[C@@H]3C[C@@](NC(c4nn(CCc5ccccc5Br)c(-c5ccccc5)c4C)=O)(C[C@H]1C3)C2,Cc1c(C(=O)N[C@]23C[C@H]4C[C@H](C[C@H](C4)C2)C3)nn(CCc2ccccc2Br)c1-c1ccccc1,Cc1c(C(=O)N[C@]23C[C@H]4C[C@H](C[C@H](C4)C2)C3)nn(CCc2ccccc2Br)c1-c1ccccc1
30,C1[C@H]2C[C@@H]3C[C@@](NC(c4nnc(-c5ccc(F)c(F)c5)o4)=O)(C[C@H]1C3)C2,O=C(N[C@]12C[C@H]3C[C@H](C[C@H](C3)C1)C2)c1nnc(-c2ccc(F)c(F)c2)o1,O=C(N[C@]12C[C@H]3C[C@H](C[C@H](C3)C1)C2)c1nnc(-c2ccc(F)c(F)c2)o1
31,C1[C@H]2C[C@@H]3C[C@@](CNC(/C=C/c4n[nH]c(-c5ccc(F)cc5)c4)=O)(C[C@H]1C3)C2,O=C(/C=C/c1cc(-c2ccc(F)cc2)[nH]n1)NC[C@]12C[C@H]3C[C@H](C[C@H](C3)C1)C2,O=C(/C=C/c1cc(-c2ccc(F)cc2)[nH]n1)NC[C@]12C[C@H]3C[C@H](C[C@H](C3)C1)C2
32,C1[C@H]2C[C@@H]3C[C@@](CNC(/C=C/c4n[nH]c(-c5ccc(F)cc5)c4)=O)(C[C@H]1C3)C2,O=C(/C=C/c1cc(-c2ccc(F)cc2)n[nH]1)NC[C@]12C[C@H]3C[C@H](C[C@H](C3)C1)C2,O=C(/C=C/c1cc(-c2ccc(F)cc2)n[nH]1)NC[C@]12C[C@H]3C[C@H](C[C@H](C3)C1)C2
33,C1[C@H]2C[C@@H]3C[C@@](CNC(/C=C/c4n[nH]c(-c5ccc(F)cc5)c4)=O)(C[C@H]1C3)C2,O=C(C=Cc1cc(-c2ccc(F)cc2)[nH]n1)NC[C@]12C[C@H]3C[C@H](C[C@H](C3)C1)C2,O=C(/C=C\c1cc(-c2ccc(F)cc2)[nH]n1)NC[C@]12C[C@H]3C[C@H](C[C@H](C3)C1)C2
34,C1CCCCC(NC(c2nn(Cc3cccc(Cl)c3)c(C(F)(F)F)c2C(F)(F)F)=O)(C1)C,CC1(NC(=O)c2nn(Cc3cccc(Cl)c3)c(C(F)(F)F)c2C(F)(F)F)CCCCCC1,CC1(NC(=O)c2nn(Cc3cccc(Cl)c3)c(C(F)(F)F)c2C(F)(F)F)CCCCCC1
35,CC1=C2CC3COC(C(c4[nH]nc(SC)c4)=O)(CC1C3)C2,CSc1cc(C(=O)C23CC4=C(C)C(CC(CO2)C4)C3)[nH]n1,CSc1cc(C(=O)[C@@]23CC4=C(C)[C@@H](C[C@H](CO2)C4)C3)[nH]n1
36,CC1=C2CC3COC(C(c4[nH]nc(SC)c4)=O)(CC1C3)C2,CSc1cc(C(=O)C23CC4=C(C)C(CC(CO2)C4)C3)[nH]n1,CSc1cc(C(=O)[C@]23CC4=C(C)[C@H](C[C@@H](CO2)C4)C3)[nH]n1
37,CC1=C2CC3COC(C(c4[nH]nc(SC)c4)=O)(CC1C3)C2,CSc1cc(C(=O)C23CC4=C(C)C(CC(CO2)C4)C3)n[nH]1,CSc1cc(C(=O)[C@@]23CC4=C(C)[C@@H](C[C@H](CO2)C4)C3)n[nH]1
38,CC1=C2CC3COC(C(c4[nH]nc(SC)c4)=O)(CC1C3)C2,CSc1cc(C(=O)C23CC4=C(C)C(CC(CO2)C4)C3)n[nH]1,CSc1cc(C(=O)[C@]23CC4=C(C)[C@H](C[C@@H](CO2)C4)C3)n[nH]1
39,C1[C@H]2C[C@]3(NC(c4c(C)c(-c5ccccc5)n(Cc5ccc(Cl)cc5)n4)=O)C[C@H](C2)C[C@H]1C3,Cc1c(C(=O)N[C@]23C[C@H]4C[C@H](C[C@H](C4)C2)C3)nn(Cc2ccc(Cl)cc2)c1-c1ccccc1,Cc1c(C(=O)N[C@]23C[C@H]4C[C@H](C[C@H](C4)C2)C3)nn(Cc2ccc(Cl)cc2)c1-c1ccccc1
40,C1[C@H]2C[C@]3(NC(c4c(C)c(-c5ccccc5)n(Cc5ccccc5F)n4)=O)C[C@H](C2)C[C@H]1C3,Cc1c(C(=O)N[C@]23C[C@H]4C[C@H](C[C@H](C4)C2)C3)nn(Cc2ccccc2F)c1-c1ccccc1,Cc1c(C(=O)N[C@]23C[C@H]4C[C@H](C[C@H](C4)C2)C3)nn(Cc2ccccc2F)c1-c1ccccc1
41,C1[C@H]2C[C@]3(NC(c4c(C)c(-c5ccccc5)n(CC)n4)=O)C[C@H](C2)C[C@H]1C3,CCn1nc(C(=O)N[C@]23C[C@H]4C[C@H](C[C@H](C4)C2)C3)c(C)c1-c1ccccc1,CCn1nc(C(=O)N[C@]23C[C@H]4C[C@H](C[C@H](C4)C2)C3)c(C)c1-c1ccccc1
42,C1[C@H]2C[C@]3(NC(c4c(C)c(-c5cccc(Cl)c5)n(-c5ccccc5N)n4)=O)C[C@H](C2)C[C@H]1C3,Cc1c(C(=O)N[C@]23C[C@H]4C[C@H](C[C@H](C4)C2)C3)nn(-c2ccccc2N)c1-c1cccc(Cl)c1,Cc1c(C(=O)N[C@]23C[C@H]4C[C@H](C[C@H](C4)C2)C3)nn(-c2ccccc2N)c1-c1cccc(Cl)c1
43,C1[C@H]2C[C@]3(NC(c4c(CC)c(-c5cccc(Cl)c5)n(Cc5cccc6c5OCO6)n4)=O)C[C@H](C2)C[C@H]1C3,CCc1c(C(=O)N[C@]23C[C@H]4C[C@H](C[C@H](C4)C2)C3)nn(Cc2cccc3c2OCO3)c1-c1cccc(Cl)c1,CCc1c(C(=O)N[C@]23C[C@H]4C[C@H](C[C@H](C4)C2)C3)nn(Cc2cccc3c2OCO3)c1-c1cccc(Cl)c1
44,C1[C@H]2C[C@]3(NC(c4c(C)c(-c5ccc(C#N)c(Cl)c5)n(Cc5cccc(C(C)(C)C)c5)n4)=O)C[C@H](C2)C[C@H]1C3,Cc1c(C(=O)N[C@]23C[C@H]4C[C@H](C[C@H](C4)C2)C3)nn(Cc2cccc(C(C)(C)C)c2)c1-c1ccc(C#N)c(Cl)c1,Cc1c(C(=O)N[C@]23C[C@H]4C[C@H](C[C@H](C4)C2)C3)nn(Cc2cccc(C(C)(C)C)c2)c1-c1ccc(C#N)c(Cl)c1
45,C1[C@H]2C[C@]3(NC(C4CC(c5ccccc5)N(Cc5ccc(Br)cc5)C4)=O)C[C@H](C2)C[C@H]1C3,O=C(N[C@]12C[C@H]3C[C@H](C[C@H](C3)C1)C2)C1CC(c2ccccc2)[NH+](Cc2ccc(Br)cc2)C1,O=C(N[C@]12C[C@H]3C[C@H](C[C@H](C3)C1)C2)[C@@H]1C[C@H](c2ccccc2)[N@H+](Cc2ccc(Br)cc2)C1
46,C1[C@H]2C[C@]3(NC(C4CC(c5ccccc5)N(Cc5ccc(Br)cc5)C4)=O)C[C@H](C2)C[C@H]1C3,O=C(N[C@]12C[C@H]3C[C@H](C[C@H](C3)C1)C2)C1CC(c2ccccc2)[NH+](Cc2ccc(Br)cc2)C1,O=C(N[C@]12C[C@H]3C[C@H](C[C@H](C3)C1)C2)[C@H]1C[C@H](c2ccccc2)[N@H+](Cc2ccc(Br)cc2)C1
47,C1[C@H]2C[C@]3(NC(C4CC(c5ccccc5)N(Cc5ccc(Br)cc5)C4)=O)C[C@H](C2)C[C@H]1C3,O=C(N[C@]12C[C@H]3C[C@H](C[C@H](C3)C1)C2)C1CC(c2ccccc2)[NH+](Cc2ccc(Br)cc2)C1,O=C(N[C@]12C[C@H]3C[C@H](C[C@H](C3)C1)C2)[C@@H]1C[C@@H](c2ccccc2)[N@H+](Cc2ccc(Br)cc2)C1
48,C1[C@H]2C[C@]3(NC(C4CC(c5ccccc5)N(Cc5ccc(Br)cc5)C4)=O)C[C@H](C2)C[C@H]1C3,O=C(N[C@]12C[C@H]3C[C@H](C[C@H](C3)C1)C2)C1CC(c2ccccc2)[NH+](Cc2ccc(Br)cc2)C1,O=C(N[C@]12C[C@H]3C[C@H](C[C@H](C3)C1)C2)[C@H]1C[C@@H](c2ccccc2)[N@H+](Cc2ccc(Br)cc2)C1
49,C1[C@H]2C[C@]3(NC(C4CC(c5ccccc5)N(Cc5ccc(Br)cc5)C4)=O)C[C@H](C2)C[C@H]1C3,O=C(N[C@]12C[C@H]3C[C@H](C[C@H](C3)C1)C2)C1CC(c2ccccc2)[NH+](Cc2ccc(Br)cc2)C1,O=C(N[C@]12C[C@H]3C[C@H](C[C@H](C3)C1)C2)[C@@H]1C[C@H](c2ccccc2)[N@@H+](Cc2ccc(Br)cc2)C1
50,C1[C@H]2C[C@]3(NC(C4CC(c5ccccc5)N(Cc5ccc(Br)cc5)C4)=O)C[C@H](C2)C[C@H]1C3,O=C(N[C@]12C[C@H]3C[C@H](C[C@H](C3)C1)C2)C1CC(c2ccccc2)[NH+](Cc2ccc(Br)cc2)C1,O=C(N[C@]12C[C@H]3C[C@H](C[C@H](C3)C1)C2)[C@H]1C[C@H](c2ccccc2)[N@@H+](Cc2ccc(Br)cc2)C1
51,C1[C@H]2C[C@]3(NC(C4CC(c5ccccc5)N(Cc5ccc(Br)cc5)C4)=O)C[C@H](C2)C[C@H]1C3,O=C(N[C@]12C[C@H]3C[C@H](C[C@H](C3)C1)C2)C1CC(c2ccccc2)[NH+](Cc2ccc(Br)cc2)C1,O=C(N[C@]12C[C@H]3C[C@H](C[C@H](C3)C1)C2)[C@@H]1C[C@@H](c2ccccc2)[N@@H+](Cc2ccc(Br)cc2)C1
52,C1[C@H]2C[C@]3(NC(C4CC(c5ccccc5)N(Cc5ccc(Br)cc5)C4)=O)C[C@H](C2)C[C@H]1C3,O=C(N[C@]12C[C@H]3C[C@H](C[C@H](C3)C1)C2)C1CC(c2ccccc2)[NH+](Cc2ccc(Br)cc2)C1,O=C(N[C@]12C[C@H]3C[C@H](C[C@H](C3)C1)C2)[C@H]1C[C@@H](c2ccccc2)[N@@H+](Cc2ccc(Br)cc2)C1
53,C1[C@H]2C[C@@H]3[C@@H](NC(c4c(C)c(CC(C)(C)C)n(-c5ccc([N+](=O)[O-])cc5)n4)=O)C[C@H](C2)C[C@H]1C3,Cc1c(C(=O)N[C@H]2C[C@@H]3C[C@H]4C[C@@H](C3)C[C@@H]2C4)nn(-c2ccc([N+](=O)[O-])cc2)c1CC(C)(C)C,Cc1c(C(=O)N[C@H]2C[C@@H]3C[C@H]4C[C@@H](C3)C[C@@H]2C4)nn(-c2ccc([N+](=O)[O-])cc2)c1CC(C)(C)C
54,c1(-c2n(-c3ccc(Cl)cc3)nc(C(N[C@]34C[C@@H]5C[C@H](C3)C[C@@H](C5)C4)=O)c2C)ccccc1,Cc1c(C(=O)N[C@]23C[C@H]4C[C@H](C[C@H](C4)C2)C3)nn(-c2ccc(Cl)cc2)c1-c1ccccc1,Cc1c(C(=O)N[C@]23C[C@H]4C[C@H](C[C@H](C4)C2)C3)nn(-c2ccc(Cl)cc2)c1-c1ccccc1
55,c1(-c2n(CCc3ccccc3)nc(C(N[C@]34C[C@@H]5C[C@H](C3)C[C@@H](C5)C4)=O)c2C)ccccc1,Cc1c(C(=O)N[C@]23C[C@H]4C[C@H](C[C@H](C4)C2)C3)nn(CCc2ccccc2)c1-c1ccccc1,Cc1c(C(=O)N[C@]23C[C@H]4C[C@H](C[C@H](C4)C2)C3)nn(CCc2ccccc2)c1-c1ccccc1
56,c1(-c2n(CC#C)nc(C(N[C@]34C[C@@H]5C[C@H](C3)C[C@@H](C5)C4)=O)c2C)ccccc1,C#CCn1nc(C(=O)N[C@]23C[C@H]4C[C@H](C[C@H](C4)C2)C3)c(C)c1-c1ccccc1,C#CCn1nc(C(=O)N[C@]23C[C@H]4C[C@H](C[C@H](C4)C2)C3)c(C)c1-c1ccccc1
57,[C@H]12C[C@H]3C[C@](NC(=O)C)(C[C@H](C3)C1)C2,CC(=O)N[C@]12C[C@H]3C[C@H](C[C@H](C3)C1)C2,CC(=O)N[C@]12C[C@H]3C[C@H](C[C@H](C3)C1)C2
58,[C@H]12C[C@H]3C[C@](NC(=O)c4cn(C5CCOCC5)c(-c5ccccc5F)c4C)(C[C@H](C3)C1)C2,Cc1c(C(=O)N[C@]23C[C@H]4C[C@H](C[C@H](C4)C2)C3)cn(C2CCOCC2)c1-c1ccccc1F,Cc1c(C(=O)N[C@]23C[C@H]4C[C@H](C[C@H](C4)C2)C3)cn(C2CCOCC2)c1-c1ccccc1F
59,[C@H]12C[C@H]3C[C@](NC(=O)c4cn(-c5ccccc5Br)c(-c5ccccc5)c4C)(C[C@H](C3)C1)C2,Cc1c(C(=O)N[C@]23C[C@H]4C[C@H](C[C@H](C4)C2)C3)cn(-c2ccccc2Br)c1-c1ccccc1,Cc1c(C(=O)N[C@]23C[C@H]4C[C@H](C[C@H](C4)C2)C3)cn(-c2ccccc2Br)c1-c1ccccc1
60,[C@H]12C[C@H]3C[C@](NC(=O)CNc4ccccc4)(C[C@H](C3)C1)C2,O=C(CNc1ccccc1)N[C@]12C[C@H]3C[C@H](C[C@H](C3)C1)C2,O=C(CNc1ccccc1)N[C@]12C[C@H]3C[C@H](C[C@H](C3)C1)C2
61,[C@H]12C[C@H]3C[C@](NC(=O)c4cn(Cc5ccccc5C)c(-c5ccccc5CN(C)C)c4C)(C[C@H](C3)C1)C2,Cc1ccccc1Cn1cc(C(=O)N[C@]23C[C@H]4C[C@H](C[C@H](C4)C2)C3)c(C)c1-c1ccccc1C[NH+](C)C,Cc1ccccc1Cn1cc(C(=O)N[C@]23C[C@H]4C[C@H](C[C@H](C4)C2)C3)c(C)c1-c1ccccc1C[NH+](C)C
62,O[C@H]1[C@]2(C)C[C@H]3C[C@](NC(=O)c4cn(C(C)C)c(-c5cc(N)ccc5)c4C)(C[C@H](C3)C1)C2,Cc1c(C(=O)N[C@]23C[C@@H]4C[C@H](C2)C[C@](C)(C3)[C@H](O)C4)cn(C(C)C)c1-c1cccc(N)c1,Cc1c(C(=O)N[C@]23C[C@@H]4C[C@H](C2)C[C@](C)(C3)[C@H](O)C4)cn(C(C)C)c1-c1cccc(N)c1
63,C1[C@H]2C[C@@H]3C[C@@](NC(c4cn(Cc5ccccc5)c(-c5ccccc5)c4C)=O)(C[C@H]1C3)C2,Cc1c(C(=O)N[C@]23C[C@H]4C[C@H](C[C@H](C4)C2)C3)cn(Cc2ccccc2)c1-c1ccccc1,Cc1c(C(=O)N[C@]23C[C@H]4C[C@H](C[C@H](C4)C2)C3)cn(Cc2ccccc2)c1-c1ccccc1
64,C1[C@H]2C[C@@H]3C[C@@](NC(c4cn(Cc5ccc(F)cc5F)c(-c5ccc(F)cc5F)c4C)=O)(C[C@H]1C3)C2,Cc1c(C(=O)N[C@]23C[C@H]4C[C@H](C[C@H](C4)C2)C3)cn(Cc2ccc(F)cc2F)c1-c1ccc(F)cc1F,Cc1c(C(=O)N[C@]23C[C@H]4C[C@H](C[C@H](C4)C2)C3)cn(Cc2ccc(F)cc2F)c1-c1ccc(F)cc1F
65,C1[C@H]2C[C@@H]3C[C@@](NC(c4cn(Cc5cccc(OC)c5)c(-c5ccccc5)c4C)=O)(C[C@H]1C3)C2,COc1cccc(Cn2cc(C(=O)N[C@]34C[C@H]5C[C@H](C[C@H](C5)C3)C4)c(C)c2-c2ccccc2)c1,COc1cccc(Cn2cc(C(=O)N[C@]34C[C@H]5C[C@H](C[C@H](C5)C3)C4)c(C)c2-c2ccccc2)c1
66,C1[C@H]2C[C@@H]3C[C@@](NC(c4cn(Cc5cc(F)ccc5Cl)c(-c5ccccc5)c4C)=O)(C[C@H]1C3)C2,Cc1c(C(=O)N[C@]23C[C@H]4C[C@H](C[C@H](C4)C2)C3)cn(Cc2cc(F)ccc2Cl)c1-c1ccccc1,Cc1c(C(=O)N[C@]23C[C@H]4C[C@H](C[C@H](C4)C2)C3)cn(Cc2cc(F)ccc2Cl)c1-c1ccccc1
67,C1N2[C@@H](C[C@@H]3C[C@@](NC(c4cn(Cc5ccccc5)c(-c5ccccc5F)c4C)=O)(C)CCC[C@@H]32)CC1,Cc1c(C(=O)N[C@]2(C)CCC[C@H]3[C@H](C[C@H]4CCC[NH+]43)C2)cn(Cc2ccccc2)c1-c1ccccc1F,Cc1c(C(=O)N[C@]2(C)CCC[C@H]3[C@H](C[C@H]4CCC[N@@H+]43)C2)cn(Cc2ccccc2)c1-c1ccccc1F
68,C1N2[C@@H](C[C@@H]3C[C@@](NC(c4cn(Cc5ccccc5)c(-c5ccccc5F)c4C)=O)(C)CCC[C@@H]32)CC1,Cc1c(C(=O)N[C@]2(C)CCC[C@H]3[C@H](C[C@H]4CCC[NH+]43)C2)cn(Cc2ccccc2)c1-c1ccccc1F,Cc1c(C(=O)N[C@]2(C)CCC[C@H]3[C@H](C[C@H]4CCC[N@H+]43)C2)cn(Cc2ccccc2)c1-c1ccccc1F
69,C1[C@]2(NC(=O)c3c(C)c(-c4ccc(F)cc4)n(Cc4ccc(F)cc4)c3)C[C@@H]3C[C@H]1C[C@H](C2)C3,Cc1c(C(=O)N[C@]23C[C@H]4C[C@H](C[C@H](C4)C2)C3)cn(Cc2ccc(F)cc2)c1-c1ccc(F)cc1,Cc1c(C(=O)N[C@]23C[C@H]4C[C@H](C[C@H](C4)C2)C3)cn(Cc2ccc(F)cc2)c1-c1ccc(F)cc1
70,C1[C@]2(NC(=O)c3cc(-c4ccc(F)cc4)[nH]c3)C[C@@H]3C[C@H]1C[C@H](C2)C3,O=C(N[C@]12C[C@H]3C[C@H](C[C@H](C3)C1)C2)c1c[nH]c(-c2ccc(F)cc2)c1,O=C(N[C@]12C[C@H]3C[C@H](C[C@H](C3)C1)C2)c1c[nH]c(-c2ccc(F)cc2)c1
71,C1[C@]2(NC(=O)c3c(C)c(-c4ccccc4F)n(Cc4ccncn4)c3)C[C@@H]3C[C@H]1C[C@H](C2)C3,Cc1c(C(=O)N[C@]23C[C@H]4C[C@H](C[C@H](C4)C2)C3)cn(Cc2ccncn2)c1-c1ccccc1F,Cc1c(C(=O)N[C@]23C[C@H]4C[C@H](C[C@H](C4)C2)C3)cn(Cc2ccncn2)c1-c1ccccc1F
72,C1[C@]2(NC(=O)c3cc(-c4ccccc4F)n(C4=CCCCC4)c3)C[C@@H]3C[C@H]1C[C@H](C2)C3,O=C(N[C@]12C[C@H]3C[C@H](C[C@H](C3)C1)C2)c1cc(-c2ccccc2F)n(C2=CCCCC2)c1,O=C(N[C@]12C[C@H]3C[C@H](C[C@H](C3)C1)C2)c1cc(-c2ccccc2F)n(C2=CCCCC2)c1
73,C1[C@]2(NC(=O)c3c(C)c(-c4cnccn4)n(Cc4cc(Cl)ccc4)c3)C[C@@H]3C[C@H]1C[C@H](C2)C3,Cc1c(C(=O)N[C@]23C[C@H]4C[C@H](C[C@H](C4)C2)C3)cn(Cc2cccc(Cl)c2)c1-c1cnccn1,Cc1c(C(=O)N[C@]23C[C@H]4C[C@H](C[C@H](C4)C2)C3)cn(Cc2cccc(Cl)c2)c1-c1cnccn1
74,c1(-c2n(C)nc(C(NC34CC5CC(C3)CC(C4)C5)=O)c2C)ccccc1,Cc1c(C(=O)NC23CC4CC(CC(C4)C2)C3)nn(C)c1-c1ccccc1,Cc1c(C(=O)N[C@]23C[C@H]4C[C@H](C[C@H](C4)C2)C3)nn(C)c1-c1ccccc1
75,c1(-c2n(Cc3ccccc3)nc(C(NC34CC5CC(C3)CC(C4)C5)=O)c2C#N)ccccc1,N#Cc1c(C(=O)NC23CC4CC(CC(C4)C2)C3)nn(Cc2ccccc2)c1-c1ccccc1,N#Cc1c(C(=O)N[C@]23C[C@H]4C[C@H](C[C@H](C4)C2)C3)nn(Cc2ccccc2)c1-c1ccccc1
76,c1(-c2n(Cc3ccccc3)nc(C(NCC)=O)c2)ccccc1,CCNC(=O)c1cc(-c2ccccc2)n(Cc2ccccc2)n1,CCNC(=O)c1cc(-c2ccccc2)n(Cc2ccccc2)n1
77,c1(-c2n(CCCCCC)nc(C(NCC3CCCCC3)=O)c2C)ccccc1,CCCCCCn1nc(C(=O)NCC2CCCCC2)c(C)c1-c1ccccc1,CCCCCCn1nc(C(=O)NCC2CCCCC2)c(C)c1-c1ccccc1
78,c1(Nc2ncnc(C(N[C@@]34C[C@H]5C[C@@H](C3)CC(=C4)C5)=O)c2C)ccccc1,Cc1c(Nc2ccccc2)ncnc1C(=O)N[C@]12C=C3C[C@H](C[C@H](C3)C1)C2,Cc1c(Nc2ccccc2)ncnc1C(=O)N[C@]12C=C3C[C@H](C[C@H](C3)C1)C2
79,c1(Nc2ncnc(C(N[C@@]34C[C@H]5C[C@@H](C3)CC(=C4)C5)=O)c2C)ccccc1,Cc1c(C(=O)N[C@]23C=C4C[C@H](C[C@H](C4)C2)C3)nc[nH]c1=Nc1ccccc1,Cc1c(C(=O)N[C@]23C=C4C[C@H](C[C@H](C4)C2)C3)nc[nH]/c1=N\c1ccccc1
80,c1(Nc2ncnc(C(N[C@@]34C[C@H]5C[C@@H](C3)CC(=C4)C5)=O)c2C)ccccc1,Cc1c(C(=O)N[C@]23C=C4C[C@H](C[C@H](C4)C2)C3)nc[nH]c1=Nc1ccccc1,Cc1c(C(=O)N[C@]23C=C4C[C@H](C[C@H](C4)C2)C3)nc[nH]/c1=N/c1ccccc1
81,c1(Nc2ncnc(C(N[C@@]34C[C@H]5C[C@@H](C3)CC(=C4)C5)=O)c2C)ccccc1,Cc1c(C(=O)N[C@]23C=C4C[C@H](C[C@H](C4)C2)C3)[nH]cnc1=Nc1ccccc1,Cc1c(C(=O)N[C@]23C=C4C[C@H](C[C@H](C4)C2)C3)[nH]cn/c1=N\c1ccccc1
82,c1(Nc2ncnc(C(N[C@@]34C[C@H]5C[C@@H](C3)CC(=C4)C5)=O)c2C)ccccc1,Cc1c(C(=O)N[C@]23C=C4C[C@H](C[C@H](C4)C2)C3)[nH]cnc1=Nc1ccccc1,Cc1c(C(=O)N[C@]23C=C4C[C@H](C[C@H](C4)C2)C3)[nH]cn/c1=N/c1ccccc1
83,c1(-c2n(-c3ccccc3)nc(-c3ccncc3)c2C#N)ccccc1,N#Cc1c(-c2ccncc2)nn(-c2ccccc2)c1-c1ccccc1,N#Cc1c(-c2ccncc2)nn(-c2ccccc2)c1-c1ccccc1
84,C1(c2n(Cc3ccccc3)nc(C(N[C@@]34C[C@H]5C[C@@H](C3)CC(=C4)C5)=O)c2-c2ccncc2)CC1,O=C(N[C@]12C=C3C[C@H](C[C@H](C3)C1)C2)c1nn(Cc2ccccc2)c(C2CC2)c1-c1ccncc1,O=C(N[C@]12C=C3C[C@H](C[C@H](C3)C1)C2)c1nn(Cc2ccccc2)c(C2CC2)c1-c1ccncc1
85,c1(-c2n(CCc3ccccc3)nc(C(N[C@@H]3C4C[C@@H](C[C@@H]4NC(=O)CCF)C3)=O)c2C)ccccc1,Cc1c(C(=O)N[C@H]2C[C@H]3CC2[C@@H](NC(=O)CCF)C3)nn(CCc2ccccc2)c1-c1ccccc1,Cc1c(C(=O)N[C@H]2C[C@H]3C[C@@H]2[C@@H](NC(=O)CCF)C3)nn(CCc2ccccc2)c1-c1ccccc1
86,C1[C@@H]2CC3=C[C@](NC(c4nn(CC5CC5)c(-c5ccccc5)c4C)=O)(C[C@@H]1C3)C2,Cc1c(C(=O)N[C@]23C=C4C[C@H](C[C@H](C4)C2)C3)nn(CC2CC2)c1-c1ccccc1,Cc1c(C(=O)N[C@]23C=C4C[C@H](C[C@H](C4)C2)C3)nn(CC2CC2)c1-c1ccccc1
87,C1[C@@H]2CC3=C[C@](NC(c4nn(CCc5ccccc5)c(C#N)c4C)=O)(C[C@@H]1C3)C2,Cc1c(C(=O)N[C@]23C=C4C[C@H](C[C@H](C4)C2)C3)nn(CCc2ccccc2)c1C#N,Cc1c(C(=O)N[C@]23C=C4C[C@H](C[C@H](C4)C2)C3)nn(CCc2ccccc2)c1C#N
88,C1[C@@H]2CC3=C[C@](NC(c4nn(CCC5CC5)c(-c5ccccc5)c4C)=O)(C[C@@H]1C3)C2,Cc1c(C(=O)N[C@]23C=C4C[C@H](C[C@H](C4)C2)C3)nn(CCC2CC2)c1-c1ccccc1,Cc1c(C(=O)N[C@]23C=C4C[C@H](C[C@H](C4)C2)C3)nn(CCC2CC2)c1-c1ccccc1
89,C1[C@@H]2CC3=C[C@](NC(c4nn(C)c(-c5ccccc5F)c4C)=O)(C[C@@H]1C3)C2,Cc1c(C(=O)N[C@]23C=C4C[C@H](C[C@H](C4)C2)C3)nn(C)c1-c1ccccc1F,Cc1c(C(=O)N[C@]23C=C4C[C@H](C[C@H](C4)C2)C3)nn(C)c1-c1ccccc1F
90,C1[C@@H]2CC3=C[C@](NC(c4[nH]c(-c5ccccc5)cc4)=O)(C[C@@H]1C3)C2,O=C(N[C@]12C=C3C[C@H](C[C@H](C3)C1)C2)c1ccc(-c2ccccc2)[nH]1,O=C(N[C@]12C=C3C[C@H](C[C@H](C3)C1)C2)c1ccc(-c2ccccc2)[nH]1
91,C1[C@@H]2CC3=C[C@](NC(c4nn(Cc5ccccc5O)c(Cl)c4)=O)(C[C@@H]1C3)C2,O=C(N[C@]12C=C3C[C@H](C[C@H](C3)C1)C2)c1cc(Cl)n(Cc2ccccc2O)n1,O=C(N[C@]12C=C3C[C@H](C[C@H](C3)C1)C2)c1cc(Cl)n(Cc2ccccc2O)n1
92,C1[C@@H]2CC3=C[C@](N=C(/c4nn(-c5cc(Cl)ccc5)c(-c5ccccc5Br)c4)N)(C[C@@H]1C3)C2,NC(=[NH+][C@]12C=C3C[C@H](C[C@H](C3)C1)C2)c1cc(-c2ccccc2Br)n(-c2cccc(Cl)c2)n1,N/C(=[NH+]\[C@]12C=C3C[C@H](C[C@H](C3)C1)C2)c1cc(-c2ccccc2Br)n(-c2cccc(Cl)c2)n1
93,C1[C@@H]2CC3=C[C@](N=C(/c4nn(-c5cc(Cl)ccc5)c(-c5ccccc5Br)c4)N)(C[C@@H]1C3)C2,NC(=[NH+][C@]12C=C3C[C@H](C[C@H](C3)C1)C2)c1cc(-c2ccccc2Br)n(-c2cccc(Cl)c2)n1,N/C(=[NH+]/[C@]12C=C3C[C@H](C[C@H](C3)C1)C2)c1cc(-c2ccccc2Br)n(-c2cccc(Cl)c2)n1
94,C1[C@H]2C[C@]3(NC(/C=C/c4ccccc4)=O)C[C@H](C2)CC1=C3,O=C(/C=C/c1ccccc1)N[C@]12C=C3C[C@H](C[C@H](C3)C1)C2,O=C(/C=C/c1ccccc1)N[C@]12C=C3C[C@H](C[C@H](C3)C1)C2
95,C1[C@H]2C[C@]3(NC(c4c(C)c(C)n(-c5ccc(Cl)cc5)n4)=O)C[C@H](C2)CC1=C3,Cc1c(C(=O)N[C@]23C=C4C[C@H](C[C@H](C4)C2)C3)nn(-c2ccc(Cl)cc2)c1C,Cc1c(C(=O)N[C@]23C=C4C[C@H](C[C@H](C4)C2)C3)nn(-c2ccc(Cl)cc2)c1C
96,C1[C@H]2C[C@]3(NC(c4c(C)c(Br)n(CCc5ccc(OC)cc5)n4)=O)C[C@H](C2)CC1=C3,COc1ccc(CCn2nc(C(=O)N[C@]34C=C5C[C@H](C[C@H](C5)C3)C4)c(C)c2Br)cc1,COc1ccc(CCn2nc(C(=O)N[C@]34C=C5C[C@H](C[C@H](C5)C3)C4)c(C)c2Br)cc1
97,C1[C@H]2C[C@]3(NC(c4c(C)c(-c5ccccc5)n(-c5sc(C)cc5C)n4)=O)C[C@H](C2)CC1=C3,Cc1cc(C)c(-n2nc(C(=O)N[C@]34C=C5C[C@H](C[C@H](C5)C3)C4)c(C)c2-c2ccccc2)s1,Cc1cc(C)c(-n2nc(C(=O)N[C@]34C=C5C[C@H](C[C@H](C5)C3)C4)c(C)c2-c2ccccc2)s1
98,O[C@@H]1CC[C@H](Cn2c(C3CCCCC3)c(C)c(C(=O)NC[C@]34C[C@H]5C[C@H](C[C@@H](C3)C5)C4)c2)CC1,Cc1c(C(=O)NC[C@]23C[C@H]4C[C@H](C[C@H](C4)C2)C3)cn(C[C@H]2CC[C@@H](O)CC2)c1C1CCCCC1,Cc1c(C(=O)NC[C@]23C[C@H]4C[C@H](C[C@H](C4)C2)C3)cn(C[C@H]2CC[C@@H](O)CC2)c1C1CCCCC1
99,CO[C@H]1CC[C@H](Cn2c(-c3cccc(C)c3)c(C)c(C(=O)NCc3ccc(F)cc3)c2)CC1,CO[C@H]1CC[C@H](Cn2cc(C(=O)NCc3ccc(F)cc3)c(C)c2-c2cccc(C)c2)CC1,CO[C@H]1CC[C@H](Cn2cc(C(=O)NCc3ccc(F)cc3)c(C)c2-c2cccc(C)c2)CC1
100,O[C@@H]1CC[C@H](Cn2c3ccccc3c(C(=O)NC34CC5CC(CC(C3)C5)C4)c2)CC1,O=C(NC12CC3CC(CC(C3)C1)C2)c1cn(C[C@H]2CC[C@@H](O)CC2)c2ccccc12,O=C(N[C@]12C[C@H]3C[C@H](C[C@H](C3)C1)C2)c1cn(C[C@H]2CC[C@@H](O)CC2)c2ccccc12
101,O=C1N[C@@H](Cn2c(-c3cccc(C)c3)c(C)c(C(=O)NC[C@]34C[C@H]5C[C@H](C[C@@H](C3)C5)C4)c2)CCC1,Cc1cccc(-c2c(C)c(C(=O)NC[C@]34C[C@H]5C[C@H](C[C@H](C5)C3)C4)cn2C[C@H]2CCCC(=O)N2)c1,Cc1cccc(-c2c(C)c(C(=O)NC[C@]34C[C@H]5C[C@H](C[C@H](C5)C3)C4)cn2C[C@H]2CCCC(=O)N2)c1
102,O[C@H]1C[C@@H](O)[C@H](n2c(-c3cccc(C)c3)c(C)c(C(=O)NC34CC5CC(CC(C3)C5)C4)c2)C1,Cc1cccc(-c2c(C)c(C(=O)NC34CC5CC(CC(C5)C3)C4)cn2[C@@H]2C[C@@H](O)C[C@H]2O)c1,Cc1cccc(-c2c(C)c(C(=O)N[C@]34C[C@H]5C[C@H](C[C@H](C5)C3)C4)cn2[C@@H]2C[C@@H](O)C[C@H]2O)c1
103,O[C@H]1CC[C@H](Cn2c(CNC3CCCCC3)c(C)c(C(=O)NCC34C[C@H]5C[C@H](C[C@@H](C3)C5)C4)c2)CC1,Cc1c(C(=O)NCC23C[C@H]4C[C@@H](C2)C[C@@H](C3)C4)cn(C[C@H]2CC[C@H](O)CC2)c1C[NH2+]C1CCCCC1,Cc1c(C(=O)NC[C@]23C[C@H]4C[C@H](C[C@H](C4)C2)C3)cn(C[C@H]2CC[C@H](O)CC2)c1C[NH2+]C1CCCCC1
104,O[C@H]1CC[C@H](Cn2c(-c3cccc(CN4CCCCC4)c3)c(C)c(C(=O)NCC34CC5CC(CC(C3)C5)C4)c2)CC1,Cc1c(C(=O)NCC23CC4CC(CC(C4)C2)C3)cn(C[C@H]2CC[C@H](O)CC2)c1-c1cccc(C[NH+]2CCCCC2)c1,Cc1c(C(=O)NC[C@]23C[C@H]4C[C@H](C[C@H](C4)C2)C3)cn(C[C@H]2CC[C@H](O)CC2)c1-c1cccc(C[NH+]2CCCCC2)c1
105,O[C@H]1CC[C@H](Cn2c([C@@H]3CNC[C@@H](F)C3)c(C)c(C(=O)NC[C@]34C[C@H]5C[C@H](C[C@@H](C3)C5)C4)c2)CC1,Cc1c(C(=O)NC[C@]23C[C@H]4C[C@H](C[C@H](C4)C2)C3)cn(C[C@H]2CC[C@H](O)CC2)c1[C@@H]1C[NH2+]C[C@@H](F)C1,Cc1c(C(=O)NC[C@]23C[C@H]4C[C@H](C[C@H](C4)C2)C3)cn(C[C@H]2CC[C@H](O)CC2)c1[C@@H]1C[NH2+]C[C@@H](F)C1
106,C1C[C@H](n2c(-c3ccc(F)cc3)c(C)c(C(=O)NC[C@]34C[C@@H]5C[C@H](C3)C[C@@H](C5)C4)c2)CC[C@H]1F,Cc1c(C(=O)NC[C@]23C[C@H]4C[C@H](C[C@H](C4)C2)C3)cn([C@H]2CC[C@H](F)CC2)c1-c1ccc(F)cc1,Cc1c(C(=O)NC[C@]23C[C@H]4C[C@H](C[C@H](C4)C2)C3)cn([C@H]2CC[C@H](F)CC2)c1-c1ccc(F)cc1
107,C1C[C@@H](n2c(-c3cccc(C)c3)c(C)c(C(=O)NC[C@]34C[C@@H]5C[C@H](C3)C[C@@H](C5)C4)c2)CC[C@H]1F,Cc1cccc(-c2c(C)c(C(=O)NC[C@]34C[C@H]5C[C@H](C[C@H](C5)C3)C4)cn2[C@H]2CC[C@@H](F)CC2)c1,Cc1cccc(-c2c(C)c(C(=O)NC[C@]34C[C@H]5C[C@H](C[C@H](C5)C3)C4)cn2[C@H]2CC[C@@H](F)CC2)c1
108,C1C[C@H](Cn2c(CCC)c(C)c(C(=O)NCCC34CC5CC(C3)CC(C5)C4)c2)CC[C@H]1OC,CCCc1c(C)c(C(=O)NCCC23CC4CC(CC(C4)C2)C3)cn1C[C@H]1CC[C@H](OC)CC1,CCCc1c(C)c(C(=O)NCC[C@]23C[C@H]4C[C@H](C[C@H](C4)C2)C3)cn1C[C@H]1CC[C@H](OC)CC1
109,C1CC(Cn2c(/C=C\Cl)c(C)c(C(=O)NC[C@]34C[C@@H]5C[C@H](C3)C[C@@H](C5)C4)c2)CCC1,Cc1c(C(=O)NC[C@]23C[C@H]4C[C@H](C[C@H](C4)C2)C3)cn(CC2CCCCC2)c1/C=C\Cl,Cc1c(C(=O)NC[C@]23C[C@H]4C[C@H](C[C@H](C4)C2)C3)cn(CC2CCCCC2)c1/C=C\Cl
110,CC1(C)C[C@H](Cn2c(-c3cccc(C)c3)c(C)c(C(=O)NCC34C[C@@H]5C[C@H](C3)C[C@@H](C5)C4)c2)CC[C@H]1F,Cc1cccc(-c2c(C)c(C(=O)NCC34C[C@H]5C[C@@H](C3)C[C@@H](C4)C5)cn2C[C@@H]2CC[C@@H](F)C(C)(C)C2)c1,Cc1cccc(-c2c(C)c(C(=O)NC[C@]34C[C@H]5C[C@H](C[C@H](C5)C3)C4)cn2C[C@@H]2CC[C@@H](F)C(C)(C)C2)c1
111,C1C[C@H](Cn2c3cccnc3nc2C)CC[C@H]1C(=O)C(C)C,Cc1nc2ncccc2n1C[C@H]1CC[C@H](C(=O)C(C)C)CC1,Cc1nc2ncccc2n1C[C@H]1CC[C@H](C(=O)C(C)C)CC1
112,C1C[C@H](Cn2c3cccnc3nc2C)CC[C@H]1C(=O)C(C)C,Cc1[nH+]c2ncccc2n1C[C@H]1CC[C@H](C(=O)C(C)C)CC1,Cc1[nH+]c2ncccc2n1C[C@H]1CC[C@H](C(=O)C(C)C)CC1
113,C1C[C@H](CN2C(c3cccc(C)c3)OC(C)(C(=O)N[C@H]3CC[C@H](C(C)C)CC3)O2)CC[C@H]1C(C)(C)CC,CCC(C)(C)[C@H]1CC[C@H](CN2OC(C)(C(=O)N[C@H]3CC[C@H](C(C)C)CC3)OC2c2cccc(C)c2)CC1,CCC(C)(C)[C@H]1CC[C@H](CN2O[C@](C)(C(=O)N[C@H]3CC[C@H](C(C)C)CC3)O[C@@H]2c2cccc(C)c2)CC1
114,C1C[C@H](CN2C(c3cccc(C)c3)OC(C)(C(=O)N[C@H]3CC[C@H](C(C)C)CC3)O2)CC[C@H]1C(C)(C)CC,CCC(C)(C)[C@H]1CC[C@H](CN2OC(C)(C(=O)N[C@H]3CC[C@H](C(C)C)CC3)OC2c2cccc(C)c2)CC1,CCC(C)(C)[C@H]1CC[C@H](CN2O[C@@](C)(C(=O)N[C@H]3CC[C@H](C(C)C)CC3)O[C@@H]2c2cccc(C)c2)CC1
115,C1C[C@H](CN2C(c3cccc(C)c3)OC(C)(C(=O)N[C@H]3CC[C@H](C(C)C)CC3)O2)CC[C@H]1C(C)(C)CC,CCC(C)(C)[C@H]1CC[C@H](CN2OC(C)(C(=O)N[C@H]3CC[C@H](C(C)C)CC3)OC2c2cccc(C)c2)CC1,CCC(C)(C)[C@H]1CC[C@H](CN2O[C@](C)(C(=O)N[C@H]3CC[C@H](C(C)C)CC3)O[C@H]2c2cccc(C)c2)CC1
116,C1C[C@H](CN2C(c3cccc(C)c3)OC(C)(C(=O)N[C@H]3CC[C@H](C(C)C)CC3)O2)CC[C@H]1C(C)(C)CC,CCC(C)(C)[C@H]1CC[C@H](CN2OC(C)(C(=O)N[C@H]3CC[C@H](C(C)C)CC3)OC2c2cccc(C)c2)CC1,CCC(C)(C)[C@H]1CC[C@H](CN2O[C@@](C)(C(=O)N[C@H]3CC[C@H](C(C)C)CC3)O[C@H]2c2cccc(C)c2)CC1
117,n1cc(Cn2c(-c3cccc(C)c3)c3c(n2)N(C)C[C@H]2[C@@H]([C@H]2c4cc5c(cc4)OCO5)CC3)[nH]c1,Cc1cccc(-c2c3c(nn2Cc2cnc[nH]2)N(C)C[C@H]2[C@H](CC3)[C@H]2c2ccc3c(c2)OCO3)c1,Cc1cccc(-c2c3c(nn2Cc2cnc[nH]2)N(C)C[C@H]2[C@H](CC3)[C@H]2c2ccc3c(c2)OCO3)c1
118,n1cc(Cn2c(-c3cccc(C)c3)c3c(n2)N(C)C[C@H]2[C@@H]([C@H]2c4cc5c(cc4)OCO5)CC3)[nH]c1,Cc1cccc(-c2c3c(nn2Cc2c[nH]cn2)N(C)C[C@H]2[C@H](CC3)[C@H]2c2ccc3c(c2)OCO3)c1,Cc1cccc(-c2c3c(nn2Cc2c[nH]cn2)N(C)C[C@H]2[C@H](CC3)[C@H]2c2ccc3c(c2)OCO3)c1
119,n1cc(Cn2c(-c3cccc(C)c3)c3c(n2)N(C)C[C@H]2[C@@H]([C@H]2c4cc5c(cc4)OCO5)CC3)[nH]c1,Cc1cccc(-c2c3c(nn2Cc2c[nH+]c[nH]2)N(C)C[C@H]2[C@H](CC3)[C@H]2c2ccc3c(c2)OCO3)c1,Cc1cccc(-c2c3c(nn2Cc2c[nH+]c[nH]2)N(C)C[C@H]2[C@H](CC3)[C@H]2c2ccc3c(c2)OCO3)c1
120,C1[C@H]2C[C@@H]3C[C@@](CNC(c4c(C)c(-c5cccc(F)c5)n(C[C@H]5CC[C@H](O)CC5)c4)=O)(C[C@H]1C3)C2,Cc1c(C(=O)NC[C@]23C[C@H]4C[C@H](C[C@H](C4)C2)C3)cn(C[C@H]2CC[C@H](O)CC2)c1-c1cccc(F)c1,Cc1c(C(=O)NC[C@]23C[C@H]4C[C@H](C[C@H](C4)C2)C3)cn(C[C@H]2CC[C@H](O)CC2)c1-c1cccc(F)c1
121,C1[C@H]2C[C@@H]3C[C@@](CNC(c4c(C)c(-c5cccc(Br)c5)n(C[C@H]5CC[C@H](O)CC5)c4)=O)(C[C@H]1C3)C2,Cc1c(C(=O)NC[C@]23C[C@H]4C[C@H](C[C@H](C4)C2)C3)cn(C[C@H]2CC[C@H](O)CC2)c1-c1cccc(Br)c1,Cc1c(C(=O)NC[C@]23C[C@H]4C[C@H](C[C@H](C4)C2)C3)cn(C[C@H]2CC[C@H](O)CC2)c1-c1cccc(Br)c1
122,C1[C@H]2C[C@@H]3C[C@@](CNC(c4c(C)c(-c5ccccc5)n(CC5CCCCC5)c4)=O)(C[C@H]1C3)C2,Cc1c(C(=O)NC[C@]23C[C@H]4C[C@H](C[C@H](C4)C2)C3)cn(CC2CCCCC2)c1-c1ccccc1,Cc1c(C(=O)NC[C@]23C[C@H]4C[C@H](C[C@H](C4)C2)C3)cn(CC2CCCCC2)c1-c1ccccc1
123,C1[C@H]2C[C@@H]3C[C@@](C=NC(c4c(C)c(-c5cccc(Cl)c5)n(C[C@H]5CC[C@H](O)CC5)c4)=O)(C[C@H]1C3)C2,Cc1c(C(=O)N=C[C@]23C[C@H]4C[C@H](C[C@H](C4)C2)C3)cn(C[C@H]2CC[C@H](O)CC2)c1-c1cccc(Cl)c1,Cc1c(C(=O)/N=C/[C@]23C[C@H]4C[C@H](C[C@H](C4)C2)C3)cn(C[C@H]2CC[C@H](O)CC2)c1-c1cccc(Cl)c1
124,C1[C@H]2C[C@@H]3C[C@@](C=NC(c4c(C)c(-c5cccc(Cl)c5)n(C[C@H]5CC[C@H](O)CC5)c4)=O)(C[C@H]1C3)C2,Cc1c(C(=O)N=C[C@]23C[C@H]4C[C@H](C[C@H](C4)C2)C3)cn(C[C@H]2CC[C@H](O)CC2)c1-c1cccc(Cl)c1,Cc1c(C(=O)/N=C\[C@]23C[C@H]4C[C@H](C[C@H](C4)C2)C3)cn(C[C@H]2CC[C@H](O)CC2)c1-c1cccc(Cl)c1
