sdf_number,annalog,protonated,isomers,docking_energy
1,c1(C)c(-c2ccccc2)n(CCCCC)nc1C(=O)N[C@]12C[C@H]3C[C@H](C[C@H](C3)C1)C2,CCCCCn1nc(C(=O)N[C@]23C[C@H]4C[C@H](C[C@H](C4)C2)C3)c(C)c1-c1ccccc1,CCCCCn1nc(C(=O)N[C@]23C[C@H]4C[C@H](C[C@H](C4)C2)C3)c(C)c1-c1ccccc1,-11.723
2,c1(C)c(-c2ccccc2)n(-c2ccccc2Cl)nc1C(=O)N[C@]12C[C@H]3C[C@H](C[C@H](C3)C1)C2,Cc1c(C(=O)N[C@]23C[C@H]4C[C@H](C[C@H](C4)C2)C3)nn(-c2ccccc2Cl)c1-c1ccccc1,Cc1c(C(=O)N[C@]23C[C@H]4C[C@H](C[C@H](C4)C2)C3)nn(-c2ccccc2Cl)c1-c1ccccc1,-11.286
3,c1(C)c(-c2ccccc2)n(-c2ccccc2C(F)(F)F)nc1C(=O)N[C@]12C[C@H]3C[C@H](C[C@H](C3)C1)C2,Cc1c(C(=O)N[C@]23C[C@H]4C[C@H](C[C@H](C4)C2)C3)nn(-c2ccccc2C(F)(F)F)c1-c1ccccc1,Cc1c(C(=O)N[C@]23C[C@H]4C[C@H](C[C@H](C4)C2)C3)nn(-c2ccccc2C(F)(F)F)c1-c1ccccc1,-11.88
4,c1([N+]#[C-])c(-c2ccccc2)n(-c2ccccc2)nc1C(=O)N[C@]12C[C@H]3C[C@H](C[C@H](C3)C1)C2,[C-]#[N+]c1c(C(=O)N[C@]23C[C@H]4C[C@H](C[C@H](C4)C2)C3)nn(-c2ccccc2)c1-c1ccccc1,[C-]#[N+]c1c(C(=O)N[C@]23C[C@H]4C[C@H](C[C@H](C4)C2)C3)nn(-c2ccccc2)c1-c1ccccc1,-10.827
5,c1(C)c(-c2ccccc2)n(CCc2ccc(C(F)(F)F)cc2)nc1C(=O)NO,Cc1c(C(=O)NO)nn(CCc2ccc(C(F)(F)F)cc2)c1-c1ccccc1,Cc1c(C(=O)NO)nn(CCc2ccc(C(F)(F)F)cc2)c1-c1ccccc1,-10.302
6,c1(C)c(-c2ccccc2)n(CCc2ccc(C(F)(F)F)cc2)nc1C(=O)NO,Cc1c(C(=O)N[O-])nn(CCc2ccc(C(F)(F)F)cc2)c1-c1ccccc1,Cc1c(C(=O)N[O-])nn(CCc2ccc(C(F)(F)F)cc2)c1-c1ccccc1,-10.552
7,n1nc(-c2ccccc2Cl)nn1C1CCN(C2CCOCC2)CC1,Clc1ccccc1-c1nnn(C2CC[NH+](C3CCOCC3)CC2)n1,Clc1ccccc1-c1nnn([C@H]2CC[N@@H+](C3CCOCC3)CC2)n1,-9.675
8,n1nc(-c2ccccc2Cl)nn1C1CCN(C2CCOCC2)CC1,Clc1ccccc1-c1nnn(C2CC[NH+](C3CCOCC3)CC2)n1,Clc1ccccc1-c1nnn([C@H]2CC[N@H+](C3CCOCC3)CC2)n1,-10.228
9,NC(c1c(-c2cccc(Cl)c2)n(Cc2ccccc2)nc1C(=O)N[C@@H]1CCCN(C2CCCCC2)C1)=O,NC(=O)c1c(C(=O)N[C@@H]2CCC[NH+](C3CCCCC3)C2)nn(Cc2ccccc2)c1-c1cccc(Cl)c1,NC(=O)c1c(C(=O)N[C@@H]2CCC[N@H+](C3CCCCC3)C2)nn(Cc2ccccc2)c1-c1cccc(Cl)c1,-13.103
10,NC(c1c(-c2cccc(Cl)c2)n(Cc2ccccc2)nc1C(=O)N[C@@H]1CCCN(C2CCCCC2)C1)=O,NC(=O)c1c(C(=O)N[C@@H]2CCC[NH+](C3CCCCC3)C2)nn(Cc2ccccc2)c1-c1cccc(Cl)c1,NC(=O)c1c(C(=O)N[C@@H]2CCC[N@@H+](C3CCCCC3)C2)nn(Cc2ccccc2)c1-c1cccc(Cl)c1,-13.578
11,c1(-c2c(C)c(C(=O)NC34CC5CC(CC(C3)C5)C4)nn2C2CCCCC2)ccccc1,Cc1c(C(=O)NC23CC4CC(CC(C4)C2)C3)nn(C2CCCCC2)c1-c1ccccc1,Cc1c(C(=O)N[C@]23C[C@H]4C[C@H](C[C@H](C4)C2)C3)nn(C2CCCCC2)c1-c1ccccc1,-12.675
12,c1c(-c2c(C)c(C(=O)N[C@]34C[C@H]5C[C@H](C[C@@H](C3)C5)C4)nn2CC2CC2)cccc1,Cc1c(C(=O)N[C@]23C[C@H]4C[C@H](C[C@H](C4)C2)C3)nn(CC2CC2)c1-c1ccccc1,Cc1c(C(=O)N[C@]23C[C@H]4C[C@H](C[C@H](C4)C2)C3)nn(CC2CC2)c1-c1ccccc1,-11.975
13,c1(-c2c(C)c(C(=O)NC34C[C@H]5CC(CC(C3)C5)C4)nn2Cc2sccc2)ccccc1,Cc1c(C(=O)NC23CC4CC(CC(C4)C2)C3)nn(Cc2cccs2)c1-c1ccccc1,Cc1c(C(=O)N[C@]23C[C@H]4C[C@H](C[C@H](C4)C2)C3)nn(Cc2cccs2)c1-c1ccccc1,-12.301
14,N1=C(c2c(C)c(C(=O)NC34CC5CC(CC(C3)C5)C4)nn2C)SC1,Cc1c(C(=O)NC23CC4CC(CC(C4)C2)C3)nn(C)c1C1=NCS1,Cc1c(C(=O)N[C@]23C[C@H]4C[C@H](C[C@H](C4)C2)C3)nn(C)c1C1=NCS1,-9.478
15,c1(-c2c(C)c(C(=O)N[C@@H](CC)C(C)C)nn2CC2CCCCCC2)ccccc1,CC[C@H](NC(=O)c1nn(CC2CCCCCC2)c(-c2ccccc2)c1C)C(C)C,CC[C@H](NC(=O)c1nn(CC2CCCCCC2)c(-c2ccccc2)c1C)C(C)C,-8.139
16,c1(-c2c(C)c(C(=O)N[C@]3(C)CC3)nn2C23CC4CC(CC(C2)C4)C3)ccccc1,Cc1c(C(=O)NC2(C)CC2)nn(C23CC4CC(CC(C4)C2)C3)c1-c1ccccc1,Cc1c(C(=O)NC2(C)CC2)nn([C@]23C[C@H]4C[C@H](C[C@H](C4)C2)C3)c1-c1ccccc1,-11.025
17,c1(-c2c(C)c(C(=O)NC(NC34OC5CC(CC(C3)C5)C4)=O)cn2C)cc(C)ccc1,Cc1cccc(-c2c(C)c(C(=O)NC(=O)NC34CC5CC(CC(C5)O3)C4)cn2C)c1,Cc1cccc(-c2c(C)c(C(=O)NC(=O)N[C@@]34C[C@@H]5C[C@@H](C[C@@H](C5)O3)C4)cn2C)c1,-11.791
18,[nH]1nnc(-c2c(C)c(C(=O)N[C@@H]3CC[C@@H](OC(C)=O)CC3)nn2C)c1Cn1nccc1,CC(=O)O[C@H]1CC[C@H](NC(=O)c2nn(C)c(-c3nn[nH]c3Cn3cccn3)c2C)CC1,CC(=O)O[C@H]1CC[C@H](NC(=O)c2nn(C)c(-c3nn[nH]c3Cn3cccn3)c2C)CC1,-9.189
19,[nH]1nnc(-c2c(C)c(C(=O)N[C@@H]3CC[C@@H](OC(C)=O)CC3)nn2C)c1Cn1nccc1,CC(=O)O[C@H]1CC[C@H](NC(=O)c2nn(C)c(-c3[nH]nnc3Cn3cccn3)c2C)CC1,CC(=O)O[C@H]1CC[C@H](NC(=O)c2nn(C)c(-c3[nH]nnc3Cn3cccn3)c2C)CC1,-9.281
20,[nH]1nnc(-c2c(C)c(C(=O)N[C@@H]3CC[C@@H](OC(C)=O)CC3)nn2C)c1Cn1nccc1,CC(=O)O[C@H]1CC[C@H](NC(=O)c2nn(C)c(-c3n[nH]nc3Cn3cccn3)c2C)CC1,CC(=O)O[C@H]1CC[C@H](NC(=O)c2nn(C)c(-c3n[nH]nc3Cn3cccn3)c2C)CC1,-8.944
21,[C@]12(NC(=O)c3nn(CCc4ccccc4)c(-c4ccccc4)c3C)C[C@H]3C[C@H](C[C@H](C3)C1)C2,Cc1c(C(=O)N[C@]23C[C@H]4C[C@H](C[C@H](C4)C2)C3)nn(CCc2ccccc2)c1-c1ccccc1,Cc1c(C(=O)N[C@]23C[C@H]4C[C@H](C[C@H](C4)C2)C3)nn(CCc2ccccc2)c1-c1ccccc1,-13.665
22,[C@]12(NC(=O)c3cn(Cc4ccccc4)c(-c4ccccc4)c3C)C[C@H]3C[C@H](C[C@H](C3)C1)C2,Cc1c(C(=O)N[C@]23C[C@H]4C[C@H](C[C@H](C4)C2)C3)cn(Cc2ccccc2)c1-c1ccccc1,Cc1c(C(=O)N[C@]23C[C@H]4C[C@H](C[C@H](C4)C2)C3)cn(Cc2ccccc2)c1-c1ccccc1,-13.74
23,[C@]12(NC(=O)c3n[nH]c(-c4ccc(Cl)cc4)c3C)C[C@H]3C[C@H](C[C@H](C3)C1)C2,Cc1c(C(=O)N[C@]23C[C@H]4C[C@H](C[C@H](C4)C2)C3)n[nH]c1-c1ccc(Cl)cc1,Cc1c(C(=O)N[C@]23C[C@H]4C[C@H](C[C@H](C4)C2)C3)n[nH]c1-c1ccc(Cl)cc1,-10.633
24,[C@]12(NC(=O)c3n[nH]c(-c4ccc(Cl)cc4)c3C)C[C@H]3C[C@H](C[C@H](C3)C1)C2,Cc1c(-c2ccc(Cl)cc2)n[nH]c1C(=O)N[C@]12C[C@H]3C[C@H](C[C@H](C3)C1)C2,Cc1c(-c2ccc(Cl)cc2)n[nH]c1C(=O)N[C@]12C[C@H]3C[C@H](C[C@H](C3)C1)C2,-10.596
25,[C@]12(NC(=O)c3nn(-c4ccccc4)c(-c4ccncc4)c3C)C[C@H]3C[C@H](C[C@H](C3)C1)C2,Cc1c(C(=O)N[C@]23C[C@H]4C[C@H](C[C@H](C4)C2)C3)nn(-c2ccccc2)c1-c1ccncc1,Cc1c(C(=O)N[C@]23C[C@H]4C[C@H](C[C@H](C4)C2)C3)nn(-c2ccccc2)c1-c1ccncc1,-11.033
26,C1[C@@H]2C[C@@]3(NC(c4cn(CC5CC5)c(-c5ccccc5)c4C)=O)CC[C@]2(C)C[C@@H]1O3,Cc1c(C(=O)N[C@@]23CC[C@]4(C)C[C@@H](C[C@@H]4C2)O3)cn(CC2CC2)c1-c1ccccc1,Cc1c(C(=O)N[C@@]23CC[C@]4(C)C[C@@H](C[C@@H]4C2)O3)cn(CC2CC2)c1-c1ccccc1,-12.186
27,C1[C@@H]2C[C@@]3(NC(c4cn(CCN(C)C)c(-c5ccccc5)c4C)=O)CC[C@]2(C)C[C@@H]1N3,Cc1c(C(=O)N[C@@]23CC[C@]4(C)C[C@@H](C[C@@H]4C2)[NH2+]3)cn(CC[NH+](C)C)c1-c1ccccc1,Cc1c(C(=O)N[C@@]23CC[C@]4(C)C[C@@H](C[C@@H]4C2)[NH2+]3)cn(CC[NH+](C)C)c1-c1ccccc1,-11.208
28,C1[C@@H]2C[C@@]3(NC(c4cn(Cc5ccc(Cl)cc5Cl)c(-c5ccccc5)c4C)=O)CC[C@]2(C)C[C@@H]1N3,Cc1c(C(=O)N[C@@]23CC[C@]4(C)C[C@@H](C[C@@H]4C2)[NH2+]3)cn(Cc2ccc(Cl)cc2Cl)c1-c1ccccc1,Cc1c(C(=O)N[C@@]23CC[C@]4(C)C[C@@H](C[C@@H]4C2)[NH2+]3)cn(Cc2ccc(Cl)cc2Cl)c1-c1ccccc1,-12.809
29,C1[C@@H]2C[C@@]3(NC(c4cn(CCCN5CCNCC5)c(-c5ccc(Cl)cc5)c4C)=O)CC[C@]2(C)C[C@@H]1O3,Cc1c(C(=O)N[C@@]23CC[C@]4(C)C[C@@H](C[C@@H]4C2)O3)cn(CCC[NH+]2CC[NH2+]CC2)c1-c1ccc(Cl)cc1,Cc1c(C(=O)N[C@@]23CC[C@]4(C)C[C@@H](C[C@@H]4C2)O3)cn(CCC[NH+]2CC[NH2+]CC2)c1-c1ccc(Cl)cc1,-10.988
30,C1[C@@H]2C[C@@]3(NC(c4cc[nH]c4)=O)CC[C@]2(C)C[C@@H]1S3,C[C@]12CC[C@]3(NC(=O)c4cc[nH]c4)C[C@H]1C[C@H](C2)S3,C[C@]12CC[C@]3(NC(=O)c4cc[nH]c4)C[C@H]1C[C@H](C2)S3,-9.089
31,C1[C@@H]2C[C@@]3(NC(/C=C/c4cn(CCCC5CCCCC5)c4=O)=O)CC[C@]2(C)C[C@@H]1O3,C[C@]12CC[C@]3(NC(=O)/C=C/C4=CN(CCCC5CCCCC5)C4=O)C[C@H]1C[C@H](C2)O3,C[C@]12CC[C@]3(NC(=O)/C=C/C4=CN(CCCC5CCCCC5)C4=O)C[C@H]1C[C@H](C2)O3,-10.183
32,C1[C@@H]2C[C@@]3(NC(c4cn(CCCC(C)C)c(-c5ccccc5Cl)c4C)=O)CC[C@]2(C)C[C@@H]13,Cc1c(C(=O)N[C@]23CC[C@]4(C)C[C@H]2C[C@@H]4C3)cn(CCCC(C)C)c1-c1ccccc1Cl,Cc1c(C(=O)N[C@]23CC[C@]4(C)C[C@H]2C[C@@H]4C3)cn(CCCC(C)C)c1-c1ccccc1Cl,-11.94
33,C1[C@@H]2C[C@@]3(NC(c4cn(CCCC(=O)N5CCN(CC)CC5)c(-c5ccccc5)c4C)=O)CC[C@]2(C)C[C@@H]1N3,CC[NH+]1CCN(C(=O)CCCn2cc(C(=O)N[C@@]34CC[C@]5(C)C[C@@H](C[C@@H]5C3)[NH2+]4)c(C)c2-c2ccccc2)CC1,CC[NH+]1CCN(C(=O)CCCn2cc(C(=O)N[C@@]34CC[C@]5(C)C[C@@H](C[C@@H]5C3)[NH2+]4)c(C)c2-c2ccccc2)CC1,-11.056
34,C(n1cc(C(=O)N[C@]23C[C@@H]4[C@](C)(CC2)C[C@H](C3)C4)c(C)c1-c1scnn1)C1CCCCC1,Cc1c(C(=O)N[C@@]23CC[C@]4(C)C[C@@H](C[C@@H]4C2)C3)cn(CC2CCCCC2)c1-c1nncs1,Cc1c(C(=O)N[C@@]23CC[C@]4(C)C[C@@H](C[C@@H]4C2)C3)cn(CC2CCCCC2)c1-c1nncs1,-12.794
35,C(n1cc(C(=O)N[C@]23C[C@@H]4[C@](C)(CC2)C[C@H](C3)C4)c(CCCCC)c1-c1ccccc1)CCOC,CCCCCc1c(C(=O)N[C@@]23CC[C@]4(C)C[C@@H](C[C@@H]4C2)C3)cn(CCCOC)c1-c1ccccc1,CCCCCc1c(C(=O)N[C@@]23CC[C@]4(C)C[C@@H](C[C@@H]4C2)C3)cn(CCCOC)c1-c1ccccc1,-10.769
36,Cn1cc(C(=O)N[C@]23[C@H](O)[C@@H]4[C@](C)(CC2)C[C@H](C3)C4)c(C)c1-c1cocc1,Cc1c(C(=O)N[C@@]23CC[C@]4(C)C[C@@H](C[C@@H]4[C@H]2O)C3)cn(C)c1-c1ccoc1,Cc1c(C(=O)N[C@@]23CC[C@]4(C)C[C@@H](C[C@@H]4[C@H]2O)C3)cn(C)c1-c1ccoc1,-10.634
37,C(n1cc(C(=O)N[C@]23C[C@@H]4[C@](C)(CC2)C[C@H](C3)C4)c(Cl)c1-c1ccc(Cl)cc1)C(=O)C(C)(C)C,CC(C)(C)C(=O)Cn1cc(C(=O)N[C@@]23CC[C@]4(C)C[C@@H](C[C@@H]4C2)C3)c(Cl)c1-c1ccc(Cl)cc1,CC(C)(C)C(=O)Cn1cc(C(=O)N[C@@]23CC[C@]4(C)C[C@@H](C[C@@H]4C2)C3)c(Cl)c1-c1ccc(Cl)cc1,-11.298
38,C(n1cc(C(=O)N[C@]23C[C@@H]4[C@](C)(CC2)C[C@H](C3)C4)c2nc(C)c(-c3ccccn3)nc21)CC,CCCn1cc(C(=O)N[C@@]23CC[C@]4(C)C[C@@H](C[C@@H]4C2)C3)c2nc(C)c(-c3ccccn3)nc21,CCCn1cc(C(=O)N[C@@]23CC[C@]4(C)C[C@@H](C[C@@H]4C2)C3)c2nc(C)c(-c3ccccn3)nc21,-11.264
39,C(n1cc(C(=O)N[C@]23C[C@@H]4[C@](C)(CC2)C[C@H](C3)C4)c(C)c1)[C@H](Cc1cc(F)ccc1F)O,Cc1cn(C[C@@H](O)Cc2cc(F)ccc2F)cc1C(=O)N[C@@]12CC[C@]3(C)C[C@@H](C[C@@H]3C1)C2,Cc1cn(C[C@@H](O)Cc2cc(F)ccc2F)cc1C(=O)N[C@@]12CC[C@]3(C)C[C@@H](C[C@@H]3C1)C2,-11.8
40,c1(-c2c(C)c(C(=O)N[C@@]34C[C@@H]5[C@@](C)(C[C@H](C3)C5)CC4)cn2CCC(C)(C)C)ccccc1,Cc1c(C(=O)N[C@@]23CC[C@]4(C)C[C@@H](C[C@@H]4C2)C3)cn(CCC(C)(C)C)c1-c1ccccc1,Cc1c(C(=O)N[C@@]23CC[C@]4(C)C[C@@H](C[C@@H]4C2)C3)cn(CCC(C)(C)C)c1-c1ccccc1,-12.427
41,c1(-c2c(C)c(C(=O)N[C@@]34C[C@@H]5[C@@](C)(C[C@H](C3)C5)CC4)cn2C[C@H]2CC[C@H](O)CC2)ccccc1,Cc1c(C(=O)N[C@@]23CC[C@]4(C)C[C@@H](C[C@@H]4C2)C3)cn(C[C@H]2CC[C@H](O)CC2)c1-c1ccccc1,Cc1c(C(=O)N[C@@]23CC[C@]4(C)C[C@@H](C[C@@H]4C2)C3)cn(C[C@H]2CC[C@H](O)CC2)c1-c1ccccc1,-13.12
42,c1(-c2c(C)c(C(=O)N[C@@]34C[C@@H]5[C@@](C)(C[C@H](C3)C5)CC4)cn2CCC(C=O)=C)ccccc1,C=C(C=O)CCn1cc(C(=O)N[C@@]23CC[C@]4(C)C[C@@H](C[C@@H]4C2)C3)c(C)c1-c1ccccc1,C=C(C=O)CCn1cc(C(=O)N[C@@]23CC[C@]4(C)C[C@@H](C[C@@H]4C2)C3)c(C)c1-c1ccccc1,-11.893
43,c1(-c2cc(C(=O)N[C@@]34C[C@@H]5[C@@](C)(C[C@H](C3)C5)CC4)cn2CCCC[C@H]2NCCC2)ccccc1,C[C@]12CC[C@@]3(NC(=O)c4cc(-c5ccccc5)n(CCCC[C@@H]5CCC[NH2+]5)c4)C[C@H](C[C@@H]1C3)C2,C[C@]12CC[C@@]3(NC(=O)c4cc(-c5ccccc5)n(CCCC[C@@H]5CCC[NH2+]5)c4)C[C@H](C[C@@H]1C3)C2,-12.073
44,c1(-c2c(C)c(C(=O)N[C@@]34C[C@@H]5[C@@](C)(C[C@H](C3)C5)CC4)cn2CCN2[C@H](CC3(C)CCCCC3)CCC2)ccccc1,Cc1c(C(=O)N[C@@]23CC[C@]4(C)C[C@@H](C[C@@H]4C2)C3)cn(CC[NH+]2CCC[C@H]2CC2(C)CCCCC2)c1-c1ccccc1,Cc1c(C(=O)N[C@@]23CC[C@]4(C)C[C@@H](C[C@@H]4C2)C3)cn(CC[N@@H+]2CCC[C@H]2CC2(C)CCCCC2)c1-c1ccccc1,-11.853
45,c1(-c2c(C)c(C(=O)N[C@@]34C[C@@H]5[C@@](C)(C[C@H](C3)C5)CC4)cn2CCN2[C@H](CC3(C)CCCCC3)CCC2)ccccc1,Cc1c(C(=O)N[C@@]23CC[C@]4(C)C[C@@H](C[C@@H]4C2)C3)cn(CC[NH+]2CCC[C@H]2CC2(C)CCCCC2)c1-c1ccccc1,Cc1c(C(=O)N[C@@]23CC[C@]4(C)C[C@@H](C[C@@H]4C2)C3)cn(CC[N@H+]2CCC[C@H]2CC2(C)CCCCC2)c1-c1ccccc1,-11.801
46,n1c(C(N[C@]23C[C@H]4C[C@H](C[C@H](C4)C2)C3)=O)ccnn1,O=C(N[C@]12C[C@H]3C[C@H](C[C@H](C3)C1)C2)c1ccnnn1,O=C(N[C@]12C[C@H]3C[C@H](C[C@H](C3)C1)C2)c1ccnnn1,-8.872
47,n1c(C(N[C@]23C[C@H]4C[C@H](C[C@H](C4)C2)C3)=O)c(C)c(-c2ccccc2)n1C1CC(C)C1,Cc1c(C(=O)N[C@]23C[C@H]4C[C@H](C[C@H](C4)C2)C3)nn(C2CC(C)C2)c1-c1ccccc1,Cc1c(C(=O)N[C@]23C[C@H]4C[C@H](C[C@H](C4)C2)C3)nn([C@H]2C[C@@H](C)C2)c1-c1ccccc1,-12.541
48,n1c(C(N[C@]23C[C@H]4C[C@H](C[C@H](C4)C2)C3)=O)c(C)c(-c2ccccc2)n1C1CC(C)C1,Cc1c(C(=O)N[C@]23C[C@H]4C[C@H](C[C@H](C4)C2)C3)nn(C2CC(C)C2)c1-c1ccccc1,Cc1c(C(=O)N[C@]23C[C@H]4C[C@H](C[C@H](C4)C2)C3)nn([C@H]2C[C@H](C)C2)c1-c1ccccc1,-12.633
49,n1c(C(N[C@]23C[C@H]4C[C@H](C[C@H](C4)C2)C3)=O)n(CC)c(-c2ccc(Cl)cc2)c1Cc1ccccc1,CCn1c(C(=O)N[C@]23C[C@H]4C[C@H](C[C@H](C4)C2)C3)nc(Cc2ccccc2)c1-c1ccc(Cl)cc1,CCn1c(C(=O)N[C@]23C[C@H]4C[C@H](C[C@H](C4)C2)C3)nc(Cc2ccccc2)c1-c1ccc(Cl)cc1,-12.635
50,n1c(C(N[C@]23C[C@H]4C[C@H](C[C@H](C4)C2)C3)=O)n(CC)c(-c2ccc(Cl)cc2)c1Cc1ccccc1,CCn1c(C(=O)N[C@]23C[C@H]4C[C@H](C[C@H](C4)C2)C3)[nH+]c(Cc2ccccc2)c1-c1ccc(Cl)cc1,CCn1c(C(=O)N[C@]23C[C@H]4C[C@H](C[C@H](C4)C2)C3)[nH+]c(Cc2ccccc2)c1-c1ccc(Cl)cc1,-12.58
51,n1c([C@H](N[C@]23C[C@H]4C[C@H](C[C@H](C4)C2)C3)C)cc(C#N)n1-c1cccs1,C[C@@H]([NH2+][C@]12C[C@H]3C[C@H](C[C@H](C3)C1)C2)c1cc(C#N)n(-c2cccs2)n1,C[C@@H]([NH2+][C@]12C[C@H]3C[C@H](C[C@H](C3)C1)C2)c1cc(C#N)n(-c2cccs2)n1,-9.734
52,CS(n1c(C(N[C@]23C[C@H]4C[C@H](C[C@H](C4)C2)C3)=O)cn(-c2ccccc2)c1=O)(=O)=O,CS(=O)(=O)n1c(C(=O)N[C@]23C[C@H]4C[C@H](C[C@H](C4)C2)C3)cn(-c2ccccc2)c1=O,CS(=O)(=O)n1c(C(=O)N[C@]23C[C@H]4C[C@H](C[C@H](C4)C2)C3)cn(-c2ccccc2)c1=O,-10.288
53,n1c(C(N[C@H]2CC[C@H](O)CC2)=O)cc(Cl)c(Cl)c1N1CCc2ccccc2C1,O=C(N[C@H]1CC[C@H](O)CC1)c1cc(Cl)c(Cl)c(N2CCc3ccccc3C2)n1,O=C(N[C@H]1CC[C@H](O)CC1)c1cc(Cl)c(Cl)c(N2CCc3ccccc3C2)n1,-10.413
54,C1[C@]2(NC(c3nn(C(C)(C)C)c(-c4ccccc4)c3C)=O)C[C@H]3C[C@@H](C2)C[C@@H]1C3,Cc1c(C(=O)N[C@]23C[C@H]4C[C@H](C[C@H](C4)C2)C3)nn(C(C)(C)C)c1-c1ccccc1,Cc1c(C(=O)N[C@]23C[C@H]4C[C@H](C[C@H](C4)C2)C3)nn(C(C)(C)C)c1-c1ccccc1,-12.111
55,C1[C@]2(NC(c3c[nH]c(-c4ccccc4)n3)=O)C[C@H]3C[C@@H](C2)C[C@@H]1C3,O=C(N[C@]12C[C@H]3C[C@H](C[C@H](C3)C1)C2)c1c[nH]c(-c2ccccc2)n1,O=C(N[C@]12C[C@H]3C[C@H](C[C@H](C3)C1)C2)c1c[nH]c(-c2ccccc2)n1,-10.712
56,C1[C@]2(NC(c3c[nH]c(-c4ccccc4)n3)=O)C[C@H]3C[C@@H](C2)C[C@@H]1C3,O=C(N[C@]12C[C@H]3C[C@H](C[C@H](C3)C1)C2)c1cnc(-c2ccccc2)[nH]1,O=C(N[C@]12C[C@H]3C[C@H](C[C@H](C3)C1)C2)c1cnc(-c2ccccc2)[nH]1,-10.711
57,C1[C@]2(NC(c3c[nH]c(-c4ccccc4)n3)=O)C[C@H]3C[C@@H](C2)C[C@@H]1C3,O=C(N[C@]12C[C@H]3C[C@H](C[C@H](C3)C1)C2)c1c[nH]c(-c2ccccc2)[nH+]1,O=C(N[C@]12C[C@H]3C[C@H](C[C@H](C3)C1)C2)c1c[nH]c(-c2ccccc2)[nH+]1,-10.663
58,C1[C@]2(NC(c3nn(-c4ccc(F)cc4)c(-c4ccc(F)cc4F)c3C)=O)C[C@H]3C[C@@H](C2)C[C@@H]1C3,Cc1c(C(=O)N[C@]23C[C@H]4C[C@H](C[C@H](C4)C2)C3)nn(-c2ccc(F)cc2)c1-c1ccc(F)cc1F,Cc1c(C(=O)N[C@]23C[C@H]4C[C@H](C[C@H](C4)C2)C3)nn(-c2ccc(F)cc2)c1-c1ccc(F)cc1F,-12.018
59,C1[C@]2(NC(c3nn(C4CC5CC5CC4)c(C)c3C)=O)C[C@H]3C[C@@H](C2)C[C@@H]1C3,Cc1c(C(=O)N[C@]23C[C@H]4C[C@H](C[C@H](C4)C2)C3)nn(C2CCC3CC3C2)c1C,Cc1c(C(=O)N[C@]23C[C@H]4C[C@H](C[C@H](C4)C2)C3)nn([C@@H]2CC[C@@H]3C[C@@H]3C2)c1C,-11.418
60,C1[C@]2(NC(c3nn(C4CC5CC5CC4)c(C)c3C)=O)C[C@H]3C[C@@H](C2)C[C@@H]1C3,Cc1c(C(=O)N[C@]23C[C@H]4C[C@H](C[C@H](C4)C2)C3)nn(C2CCC3CC3C2)c1C,Cc1c(C(=O)N[C@]23C[C@H]4C[C@H](C[C@H](C4)C2)C3)nn([C@H]2CC[C@@H]3C[C@@H]3C2)c1C,-11.304
61,C1[C@]2(NC(c3nn(C4CC5CC5CC4)c(C)c3C)=O)C[C@H]3C[C@@H](C2)C[C@@H]1C3,Cc1c(C(=O)N[C@]23C[C@H]4C[C@H](C[C@H](C4)C2)C3)nn(C2CCC3CC3C2)c1C,Cc1c(C(=O)N[C@]23C[C@H]4C[C@H](C[C@H](C4)C2)C3)nn([C@@H]2CC[C@H]3C[C@@H]3C2)c1C,-11.041
62,C1[C@]2(NC(c3nn(C4CC5CC5CC4)c(C)c3C)=O)C[C@H]3C[C@@H](C2)C[C@@H]1C3,Cc1c(C(=O)N[C@]23C[C@H]4C[C@H](C[C@H](C4)C2)C3)nn(C2CCC3CC3C2)c1C,Cc1c(C(=O)N[C@]23C[C@H]4C[C@H](C[C@H](C4)C2)C3)nn([C@H]2CC[C@H]3C[C@@H]3C2)c1C,-11.558
63,C1[C@]2(NC(c3nn(C4CC5CC5CC4)c(C)c3C)=O)C[C@H]3C[C@@H](C2)C[C@@H]1C3,Cc1c(C(=O)N[C@]23C[C@H]4C[C@H](C[C@H](C4)C2)C3)nn(C2CCC3CC3C2)c1C,Cc1c(C(=O)N[C@]23C[C@H]4C[C@H](C[C@H](C4)C2)C3)nn([C@@H]2CC[C@@H]3C[C@H]3C2)c1C,-12.218
64,C1[C@]2(NC(c3nn(C4CC5CC5CC4)c(C)c3C)=O)C[C@H]3C[C@@H](C2)C[C@@H]1C3,Cc1c(C(=O)N[C@]23C[C@H]4C[C@H](C[C@H](C4)C2)C3)nn(C2CCC3CC3C2)c1C,Cc1c(C(=O)N[C@]23C[C@H]4C[C@H](C[C@H](C4)C2)C3)nn([C@H]2CC[C@@H]3C[C@H]3C2)c1C,-11.731
65,C1[C@]2(NC(c3nn(C4CC5CC5CC4)c(C)c3C)=O)C[C@H]3C[C@@H](C2)C[C@@H]1C3,Cc1c(C(=O)N[C@]23C[C@H]4C[C@H](C[C@H](C4)C2)C3)nn(C2CCC3CC3C2)c1C,Cc1c(C(=O)N[C@]23C[C@H]4C[C@H](C[C@H](C4)C2)C3)nn([C@@H]2CC[C@H]3C[C@H]3C2)c1C,-11.165
66,C1[C@]2(NC(c3nn(C4CC5CC5CC4)c(C)c3C)=O)C[C@H]3C[C@@H](C2)C[C@@H]1C3,Cc1c(C(=O)N[C@]23C[C@H]4C[C@H](C[C@H](C4)C2)C3)nn(C2CCC3CC3C2)c1C,Cc1c(C(=O)N[C@]23C[C@H]4C[C@H](C[C@H](C4)C2)C3)nn([C@H]2CC[C@H]3C[C@H]3C2)c1C,-11.518
67,C1[C@]2(NC(/C=C/C3(C)C(C)(C)c4c(onc4C)CN3)=O)C[C@H]3C[C@@H](C2)C[C@@H]1C3,Cc1noc2c1C(C)(C)C(C)(/C=C/C(=O)N[C@]13C[C@H]4C[C@H](C[C@H](C4)C1)C3)[NH2+]C2,Cc1noc2c1C(C)(C)[C@](C)(/C=C/C(=O)N[C@]13C[C@H]4C[C@H](C[C@H](C4)C1)C3)[NH2+]C2,-10.464
68,C1[C@]2(NC(/C=C/C3(C)C(C)(C)c4c(onc4C)CN3)=O)C[C@H]3C[C@@H](C2)C[C@@H]1C3,Cc1noc2c1C(C)(C)C(C)(/C=C/C(=O)N[C@]13C[C@H]4C[C@H](C[C@H](C4)C1)C3)[NH2+]C2,Cc1noc2c1C(C)(C)[C@@](C)(/C=C/C(=O)N[C@]13C[C@H]4C[C@H](C[C@H](C4)C1)C3)[NH2+]C2,-10.984
69,C1[C@]2(NC(=O)c3nn(C4CCCCC4)c(-c4ccccc4)c3C(F)(F)F)C[C@H]3C[C@H](C[C@@H]1C3)C2,O=C(N[C@]12C[C@H]3C[C@H](C[C@H](C3)C1)C2)c1nn(C2CCCCC2)c(-c2ccccc2)c1C(F)(F)F,O=C(N[C@]12C[C@H]3C[C@H](C[C@H](C3)C1)C2)c1nn(C2CCCCC2)c(-c2ccccc2)c1C(F)(F)F,-11.633
70,C1[C@]2(NC(=O)c3n[nH]c(-c4cscc4)c3C)C[C@H]3C[C@H](C[C@@H]1C3)C2,Cc1c(C(=O)N[C@]23C[C@H]4C[C@H](C[C@H](C4)C2)C3)n[nH]c1-c1ccsc1,Cc1c(C(=O)N[C@]23C[C@H]4C[C@H](C[C@H](C4)C2)C3)n[nH]c1-c1ccsc1,-9.866
71,C1[C@]2(NC(=O)c3n[nH]c(-c4cscc4)c3C)C[C@H]3C[C@H](C[C@@H]1C3)C2,Cc1c(-c2ccsc2)n[nH]c1C(=O)N[C@]12C[C@H]3C[C@H](C[C@H](C3)C1)C2,Cc1c(-c2ccsc2)n[nH]c1C(=O)N[C@]12C[C@H]3C[C@H](C[C@H](C3)C1)C2,-9.882
72,C1[C@]2(NC(=O)c3nn(-c4cc(OCC)ccc4)c(-c4ccccc4)c3C)C[C@H]3C[C@H](C[C@@H]1C3)C2,CCOc1cccc(-n2nc(C(=O)N[C@]34C[C@H]5C[C@H](C[C@H](C5)C3)C4)c(C)c2-c2ccccc2)c1,CCOc1cccc(-n2nc(C(=O)N[C@]34C[C@H]5C[C@H](C[C@H](C5)C3)C4)c(C)c2-c2ccccc2)c1,-11.376
73,C1[C@]2(NC(=O)N3CCC(C(OCC)=O)CC3)C[C@H]3C[C@H](C[C@@H]1C3)C2,CCOC(=O)C1CCN(C(=O)N[C@]23C[C@H]4C[C@H](C[C@H](C4)C2)C3)CC1,CCOC(=O)C1CCN(C(=O)N[C@]23C[C@H]4C[C@H](C[C@H](C4)C2)C3)CC1,-9.466
74,C1[C@]2(NC(=O)c3nn(CC(C)(C)C)c(-c4ccc(OCC)cc4)c3)C[C@H]3C[C@H](C[C@@H]1C3)C2,CCOc1ccc(-c2cc(C(=O)N[C@]34C[C@H]5C[C@H](C[C@H](C5)C3)C4)nn2CC(C)(C)C)cc1,CCOc1ccc(-c2cc(C(=O)N[C@]34C[C@H]5C[C@H](C[C@H](C5)C3)C4)nn2CC(C)(C)C)cc1,-10.641
75,C1[C@H]2C[C@]3(NC(c4cc5ccccc5[nH]c4=O)=O)C[C@H](C2)C[C@H]1C3,O=C(N[C@]12C[C@H]3C[C@H](C[C@H](C3)C1)C2)c1cc2ccccc2[nH]c1=O,O=C(N[C@]12C[C@H]3C[C@H](C[C@H](C3)C1)C2)c1cc2ccccc2[nH]c1=O,-11.005
76,C1[C@H]2C[C@]3(NC(c4cc5ccccc5[nH]c4=O)=O)C[C@H](C2)C[C@H]1C3,O=C(N[C@]12C[C@H]3C[C@H](C[C@H](C3)C1)C2)c1cc2ccccc2nc1O,O=C(N[C@]12C[C@H]3C[C@H](C[C@H](C3)C1)C2)c1cc2ccccc2nc1O,-10.775
77,C1[C@H]2C[C@]3(NC(c4ccc(C#N)cc4)=O)C[C@H](C2)C[C@H]1C3,N#Cc1ccc(C(=O)N[C@]23C[C@H]4C[C@H](C[C@H](C4)C2)C3)cc1,N#Cc1ccc(C(=O)N[C@]23C[C@H]4C[C@H](C[C@H](C4)C2)C3)cc1,-9.877
78,C1[C@H]2C[C@]3(NC(/C=C/c4cc5cc(-c6ccccc6O)[nH]c5cc4)=O)C[C@H](C2)C[C@H]1C3,O=C(/C=C/c1ccc2[nH]c(-c3ccccc3O)cc2c1)N[C@]12C[C@H]3C[C@H](C[C@H](C3)C1)C2,O=C(/C=C/c1ccc2[nH]c(-c3ccccc3O)cc2c1)N[C@]12C[C@H]3C[C@H](C[C@H](C3)C1)C2,-9.406
79,C1[C@H]2C[C@]3(NC(/C=C/c4cc5cc(-c6ccccc6O)[nH]c5cc4)=O)C[C@H](C2)C[C@H]1C3,O=C(C=Cc1ccc2[nH]c(-c3ccccc3O)cc2c1)N[C@]12C[C@H]3C[C@H](C[C@H](C3)C1)C2,O=C(/C=C\c1ccc2[nH]c(-c3ccccc3O)cc2c1)N[C@]12C[C@H]3C[C@H](C[C@H](C3)C1)C2,-12.95
80,C1[C@H]2C[C@]3(NC(c4cc5c(N6CCCC6)c[nH]c5cc4)=O)C[C@H](C2)C[C@H]1C3,O=C(N[C@]12C[C@H]3C[C@H](C[C@H](C3)C1)C2)c1ccc2[nH]cc(N3CCCC3)c2c1,O=C(N[C@]12C[C@H]3C[C@H](C[C@H](C3)C1)C2)c1ccc2[nH]cc(N3CCCC3)c2c1,-10.582
81,C1[C@H]2C[C@]3(NC(c4ccc5oc(-c6ccccc6C)cc5c4)=O)C[C@H](C2)C[C@H]1C3,Cc1ccccc1-c1cc2cc(C(=O)N[C@]34C[C@H]5C[C@H](C[C@H](C5)C3)C4)ccc2o1,Cc1ccccc1-c1cc2cc(C(=O)N[C@]34C[C@H]5C[C@H](C[C@H](C5)C3)C4)ccc2o1,-12.45
82,C1[C@H]2C[C@]3(NC(c4ccc5n(ncc5-c5ccccc5)c4)=O)C[C@H](C2)C[C@H]1C3,O=C(N[C@]12C[C@H]3C[C@H](C[C@H](C3)C1)C2)c1ccc2c(-c3ccccc3)cnn2c1,O=C(N[C@]12C[C@H]3C[C@H](C[C@H](C3)C1)C2)c1ccc2c(-c3ccccc3)cnn2c1,-11.742
83,C1[C@H]2C[C@@H]3C[C@@H](C[C@@]1(NC(=O)c1ccc(C)cc1)C3)C2,Cc1ccc(C(=O)N[C@]23C[C@H]4C[C@H](C[C@H](C4)C2)C3)cc1,Cc1ccc(C(=O)N[C@]23C[C@H]4C[C@H](C[C@H](C4)C2)C3)cc1,-9.678
84,C1[C@H]2C[C@@H]3C[C@@H](C[C@@]1(NC(=O)c1ccc4[nH]nc(-c5ccc(C(F)(F)F)cc5)c4c1)C3)C2,O=C(N[C@]12C[C@H]3C[C@H](C[C@H](C3)C1)C2)c1ccc2[nH]nc(-c3ccc(C(F)(F)F)cc3)c2c1,O=C(N[C@]12C[C@H]3C[C@H](C[C@H](C3)C1)C2)c1ccc2[nH]nc(-c3ccc(C(F)(F)F)cc3)c2c1,-12.575
85,C1[C@H]2C[C@@H]3C[C@@H](C[C@@]1(NC(=O)c1ccc4[nH]nc(-c5ccc(C(F)(F)F)cc5)c4c1)C3)C2,O=C(N[C@]12C[C@H]3C[C@H](C[C@H](C3)C1)C2)c1ccc2n[nH]c(-c3ccc(C(F)(F)F)cc3)c2c1,O=C(N[C@]12C[C@H]3C[C@H](C[C@H](C3)C1)C2)c1ccc2n[nH]c(-c3ccc(C(F)(F)F)cc3)c2c1,-12.638
86,C1[C@H]2C[C@@H]3C[C@@H](C[C@@]1(NCc1ccc4[nH]c(-c5ncccc5)cc4c1)C3)C2,c1ccc(-c2cc3cc(C[NH2+][C@]45C[C@H]6C[C@H](C[C@H](C6)C4)C5)ccc3[nH]2)nc1,c1ccc(-c2cc3cc(C[NH2+][C@]45C[C@H]6C[C@H](C[C@H](C6)C4)C5)ccc3[nH]2)nc1,-11.438
87,C1[C@H]2C[C@@H]3C[C@@H](C[C@@]1(NC(=O)c1cc4[nH]c(-c5cnn(CCCC)c5)cc4cc1)C3)C2,CCCCn1cc(-c2cc3ccc(C(=O)N[C@]45C[C@H]6C[C@H](C[C@H](C6)C4)C5)cc3[nH]2)cn1,CCCCn1cc(-c2cc3ccc(C(=O)N[C@]45C[C@H]6C[C@H](C[C@H](C6)C4)C5)cc3[nH]2)cn1,-9.915
88,C1[C@H]2C[C@@H]3C[C@@H](C[C@@]1(NC(=O)/C=C/c1[nH]c(-c4cc(-c5cscc5)ccc4)cc1)C3)C2,O=C(/C=C/c1ccc(-c2cccc(-c3ccsc3)c2)[nH]1)N[C@]12C[C@H]3C[C@H](C[C@H](C3)C1)C2,O=C(/C=C/c1ccc(-c2cccc(-c3ccsc3)c2)[nH]1)N[C@]12C[C@H]3C[C@H](C[C@H](C3)C1)C2,-11.539
89,C1[C@H]2C[C@@H]3C[C@@H](C[C@@]1(NC(=O)/C=C/c1[nH]c(-c4cc(-c5cscc5)ccc4)cc1)C3)C2,O=C(C=Cc1ccc(-c2cccc(-c3ccsc3)c2)[nH]1)N[C@]12C[C@H]3C[C@H](C[C@H](C3)C1)C2,O=C(/C=C\c1ccc(-c2cccc(-c3ccsc3)c2)[nH]1)N[C@]12C[C@H]3C[C@H](C[C@H](C3)C1)C2,-12.496
90,C1[C@H]2C[C@@H]3C[C@@H](C[C@@]1(NC(=O)c1ccc4n(Cc5cc([N+](=O)[O-])ccc5)c(-c5ccccc5)cc4c1)C3)C2(C)C,CC1(C)[C@@H]2C[C@@H]3C[C@H]1C[C@@](NC(=O)c1ccc4c(c1)cc(-c1ccccc1)n4Cc1cccc([N+](=O)[O-])c1)(C3)C2,CC1(C)[C@@H]2C[C@@H]3C[C@H]1C[C@@](NC(=O)c1ccc4c(c1)cc(-c1ccccc1)n4Cc1cccc([N+](=O)[O-])c1)(C3)C2,-11.369
91,C1[C@H]2C[C@@H]3C[C@@H](C[C@@]1(NC(=O)c1cnc(-c4ccc(/C=C/C=O)cc4)cc1C(=O)O)C3)C2,O=C/C=C/c1ccc(-c2cc(C(=O)[O-])c(C(=O)N[C@]34C[C@H]5C[C@H](C[C@H](C5)C3)C4)cn2)cc1,O=C/C=C/c1ccc(-c2cc(C(=O)[O-])c(C(=O)N[C@]34C[C@H]5C[C@H](C[C@H](C5)C3)C4)cn2)cc1,-9.929
92,c1(-c2ccccc2)cc2c(ccc(C(NC34CC5CC(CC(C3)C5)C4)=O)n2)[nH]1,O=C(NC12CC3CC(CC(C3)C1)C2)c1ccc2[nH]c(-c3ccccc3)cc2n1,O=C(N[C@]12C[C@H]3C[C@H](C[C@H](C3)C1)C2)c1ccc2[nH]c(-c3ccccc3)cc2n1,-11.482
93,c1(-c2ccccc2)cc2c(ccc(C(NC34CC5CC(CC(C3)C5)C4)=O)n2)[nH]1,O=C(NC12CC3CC(CC(C3)C1)C2)c1ccc2nc(-c3ccccc3)cc-2[nH]1,O=C(N[C@]12C[C@H]3C[C@H](C[C@H](C3)C1)C2)c1ccc2nc(-c3ccccc3)cc-2[nH]1,-11.602
94,c1(-c2ccccc2)cc2c(ccc(C(N3CCN(CC(C)C)CC3)=O)c2)[nH]1,CC(C)C[NH+]1CCN(C(=O)c2ccc3[nH]c(-c4ccccc4)cc3c2)CC1,CC(C)C[NH+]1CCN(C(=O)c2ccc3[nH]c(-c4ccccc4)cc3c2)CC1,-10.766
95,C1N(C)CCc2c(ccc(C(N[C@]34C[C@H]5C[C@H](C[C@@H](C3)C5)C4)=O)c2)C1,C[NH+]1CCc2ccc(C(=O)N[C@]34C[C@H]5C[C@H](C[C@H](C5)C3)C4)cc2CC1,C[N@@H+]1CCc2ccc(C(=O)N[C@]34C[C@H]5C[C@H](C[C@H](C5)C3)C4)cc2CC1,-8.392
96,C1N(C)CCc2c(ccc(C(N[C@]34C[C@H]5C[C@H](C[C@@H](C3)C5)C4)=O)c2)C1,C[NH+]1CCc2ccc(C(=O)N[C@]34C[C@H]5C[C@H](C[C@H](C5)C3)C4)cc2CC1,C[N@H+]1CCc2ccc(C(=O)N[C@]34C[C@H]5C[C@H](C[C@H](C5)C3)C4)cc2CC1,-8.077
97,c1(-c2ccccc2)cc2c(ccc(C(N[C@@H]3C4C[C@H]5C[C@@H]4[C@@H](C3)C5)=O)c2)[nH]1,O=C(N[C@H]1C[C@H]2C[C@H]3CC1[C@@H]2C3)c1ccc2[nH]c(-c3ccccc3)cc2c1,O=C(N[C@H]1C[C@H]2C[C@@H]3C[C@H]2[C@H]1C3)c1ccc2[nH]c(-c3ccccc3)cc2c1,-12.301
98,c1ccc(-c2nc(NCCCC)nn2Cc2ccccc2)cc1,CCCCNc1nc(-c2ccccc2)n(Cc2ccccc2)n1,CCCCNc1nc(-c2ccccc2)n(Cc2ccccc2)n1,-9.209
99,c1ccc(-c2nc(NCCCC)nn2Cc2ccccc2)cc1,CCCCN=c1nc(-c2ccccc2)n(Cc2ccccc2)[nH]1,CCCC/N=c1\nc(-c2ccccc2)n(Cc2ccccc2)[nH]1,-9.153
100,c1ccc(-c2nc(NCCCC)nn2Cc2ccccc2)cc1,CCCCN=c1nc(-c2ccccc2)n(Cc2ccccc2)[nH]1,CCCC/N=c1/nc(-c2ccccc2)n(Cc2ccccc2)[nH]1,-9.535
101,C1CCC(c2nc(N[C@]34C[C@H]5C[C@H](C[C@H](C5)C3)C4)n(CCCC)n2)CC1,CCCCn1nc(C2CCCCC2)nc1N[C@]12C[C@H]3C[C@H](C[C@H](C3)C1)C2,CCCCn1nc(C2CCCCC2)nc1N[C@]12C[C@H]3C[C@H](C[C@H](C3)C1)C2,-10.116
102,C1CCC(c2nc(N[C@]34C[C@H]5C[C@H](C[C@H](C5)C3)C4)n(CCCC)n2)CC1,CCCCn1nc(C2CCCCC2)[nH]c1=N[C@]12C[C@H]3C[C@H](C[C@H](C3)C1)C2,CCCCn1nc(C2CCCCC2)[nH]/c1=N\[C@]12C[C@H]3C[C@H](C[C@H](C3)C1)C2,-10.781
103,C1CCC(c2nc(N[C@]34C[C@H]5C[C@H](C[C@H](C5)C3)C4)n(CCCC)n2)CC1,CCCCn1nc(C2CCCCC2)[nH]c1=N[C@]12C[C@H]3C[C@H](C[C@H](C3)C1)C2,CCCCn1nc(C2CCCCC2)[nH]/c1=N/[C@]12C[C@H]3C[C@H](C[C@H](C3)C1)C2,-10.363
104,C1CCC(c2nc(N[C@]34C[C@H]5C[C@H](C[C@H](C5)C3)C4)n(CCCC)n2)CC1,CCCCn1[nH]c(C2CCCCC2)nc1=N[C@]12C[C@H]3C[C@H](C[C@H](C3)C1)C2,CCCCn1[nH]c(C2CCCCC2)n/c1=N\[C@]12C[C@H]3C[C@H](C[C@H](C3)C1)C2,-10.099
105,C1CCC(c2nc(N[C@]34C[C@H]5C[C@H](C[C@H](C5)C3)C4)n(CCCC)n2)CC1,CCCCn1[nH]c(C2CCCCC2)nc1=N[C@]12C[C@H]3C[C@H](C[C@H](C3)C1)C2,CCCCn1[nH]c(C2CCCCC2)n/c1=N/[C@]12C[C@H]3C[C@H](C[C@H](C3)C1)C2,-10.368
106,c1ccc(-c2nc(N[C@]34C[C@H]5C[C@H](C[C@H](C5)C3)C4)nn2[C@H](CC=C)C)cc1,C=CC[C@H](C)n1nc(N[C@]23C[C@H]4C[C@H](C[C@H](C4)C2)C3)nc1-c1ccccc1,C=CC[C@H](C)n1nc(N[C@]23C[C@H]4C[C@H](C[C@H](C4)C2)C3)nc1-c1ccccc1,-10.014
107,c1ccc(-c2nc(N[C@]34C[C@H]5C[C@H](C[C@H](C5)C3)C4)nn2[C@H](CC=C)C)cc1,C=CC[C@H](C)n1[nH]c(=N[C@]23C[C@H]4C[C@H](C[C@H](C4)C2)C3)nc1-c1ccccc1,C=CC[C@H](C)n1[nH]/c(=N/[C@]23C[C@H]4C[C@H](C[C@H](C4)C2)C3)nc1-c1ccccc1,-9.988
108,c1ccc(-c2nc(N[C@]34C[C@H]5C[C@H](C[C@H](C5)C3)C4)nn2[C@H](CC=C)C)cc1,C=CC[C@H](C)n1[nH]c(=N[C@]23C[C@H]4C[C@H](C[C@H](C4)C2)C3)nc1-c1ccccc1,C=CC[C@H](C)n1[nH]/c(=N\[C@]23C[C@H]4C[C@H](C[C@H](C4)C2)C3)nc1-c1ccccc1,-10.553
109,c1ccc(Cc2cn(Cc3ccccc3)nn2)cc1,c1ccc(Cc2cn(Cc3ccccc3)nn2)cc1,c1ccc(Cc2cn(Cc3ccccc3)nn2)cc1,-8.984
110,c1ccc(-c2nc(Nc3c(F)cc(F)cc3F)nn2-c2ccccc2F)cc1,Fc1cc(F)c(Nc2nc(-c3ccccc3)n(-c3ccccc3F)n2)c(F)c1,Fc1cc(F)c(Nc2nc(-c3ccccc3)n(-c3ccccc3F)n2)c(F)c1,-11.126
111,c1ccc(-c2nc(Nc3c(F)cc(F)cc3F)nn2-c2ccccc2F)cc1,Fc1cc(F)c(N=c2nc(-c3ccccc3)n(-c3ccccc3F)[nH]2)c(F)c1,Fc1cc(F)c(/N=c2\nc(-c3ccccc3)n(-c3ccccc3F)[nH]2)c(F)c1,-11.147
112,c1ccc(-c2nc(Nc3c(F)cc(F)cc3F)nn2-c2ccccc2F)cc1,Fc1cc(F)c(N=c2nc(-c3ccccc3)n(-c3ccccc3F)[nH]2)c(F)c1,Fc1cc(F)c(/N=c2/nc(-c3ccccc3)n(-c3ccccc3F)[nH]2)c(F)c1,-10.749
113,FC(F)(F)c1cc(-c2nc(N[C@]34C[C@H]5C[C@H](C[C@H](C5)C3)C4)nn2Cc2ccc(Cl)c(Cl)c2)ccc1,FC(F)(F)c1cccc(-c2nc(N[C@]34C[C@H]5C[C@H](C[C@H](C5)C3)C4)nn2Cc2ccc(Cl)c(Cl)c2)c1,FC(F)(F)c1cccc(-c2nc(N[C@]34C[C@H]5C[C@H](C[C@H](C5)C3)C4)nn2Cc2ccc(Cl)c(Cl)c2)c1,-12.276
114,FC(F)(F)c1cc(-c2nc(N[C@]34C[C@H]5C[C@H](C[C@H](C5)C3)C4)nn2Cc2ccc(Cl)c(Cl)c2)ccc1,FC(F)(F)c1cccc(-c2nc(=N[C@]34C[C@H]5C[C@H](C[C@H](C5)C3)C4)[nH]n2Cc2ccc(Cl)c(Cl)c2)c1,FC(F)(F)c1cccc(-c2n/c(=N\[C@]34C[C@H]5C[C@H](C[C@H](C5)C3)C4)[nH]n2Cc2ccc(Cl)c(Cl)c2)c1,-12.208
115,FC(F)(F)c1cc(-c2nc(N[C@]34C[C@H]5C[C@H](C[C@H](C5)C3)C4)nn2Cc2ccc(Cl)c(Cl)c2)ccc1,FC(F)(F)c1cccc(-c2nc(=N[C@]34C[C@H]5C[C@H](C[C@H](C5)C3)C4)[nH]n2Cc2ccc(Cl)c(Cl)c2)c1,FC(F)(F)c1cccc(-c2n/c(=N/[C@]34C[C@H]5C[C@H](C[C@H](C5)C3)C4)[nH]n2Cc2ccc(Cl)c(Cl)c2)c1,-13.224
116,O(c1cccc(-c2nc(N[C@]34C[C@H]5C[C@H](C[C@H](C5)C3)C4)cn2C(c2ccccc2)=O)c1)C,COc1cccc(-c2nc(N[C@]34C[C@H]5C[C@H](C[C@H](C5)C3)C4)cn2C(=O)c2ccccc2)c1,COc1cccc(-c2nc(N[C@]34C[C@H]5C[C@H](C[C@H](C5)C3)C4)cn2C(=O)c2ccccc2)c1,-11.74
117,O(c1cccc(-c2nc(N[C@]34C[C@H]5C[C@H](C[C@H](C5)C3)C4)cn2C(c2ccccc2)=O)c1)C,COc1cccc(-c2[nH+]c(N[C@]34C[C@H]5C[C@H](C[C@H](C5)C3)C4)cn2C(=O)c2ccccc2)c1,COc1cccc(-c2[nH+]c(N[C@]34C[C@H]5C[C@H](C[C@H](C5)C3)C4)cn2C(=O)c2ccccc2)c1,-11.699
118,O=C(c1c(NC(=O)c2c(NCC#C)n[nH]n2)cccc1)O,C#CCNc1n[nH]nc1C(=O)Nc1ccccc1C(=O)[O-],C#CCNc1n[nH]nc1C(=O)Nc1ccccc1C(=O)[O-],-7.9
119,O=C(c1c(NC(=O)c2c(NCC#C)n[nH]n2)cccc1)O,C#CCN=c1[nH][nH]nc1C(=O)Nc1ccccc1C(=O)[O-],C#CC/N=c1\[nH][nH]nc1C(=O)Nc1ccccc1C(=O)[O-],-8.274
120,O=C(c1c(NC(=O)c2c(NCC#C)n[nH]n2)cccc1)O,C#CCN=c1[nH][nH]nc1C(=O)Nc1ccccc1C(=O)[O-],C#CC/N=c1/[nH][nH]nc1C(=O)Nc1ccccc1C(=O)[O-],-7.924
121,O=C(c1c(NC(=O)c2c(NCC#C)n[nH]n2)cccc1)O,C#CCNc1[nH]nnc1C(=O)Nc1ccccc1C(=O)[O-],C#CCNc1[nH]nnc1C(=O)Nc1ccccc1C(=O)[O-],-7.897
122,O=C(c1c(NC(=O)c2c(NCC#C)n[nH]n2)cccc1)O,C#CCNc1nn[nH]c1C(=O)Nc1ccccc1C(=O)[O-],C#CCNc1nn[nH]c1C(=O)Nc1ccccc1C(=O)[O-],-8.057
123,C1[C@]2(Nc3nn(-c4ccccc4)c(-c4ccccc4)n3)C[C@@H]3C[C@H]1C[C@@H](C3)C2,c1ccc(-c2nc(N[C@]34C[C@H]5C[C@H](C[C@H](C5)C3)C4)nn2-c2ccccc2)cc1,c1ccc(-c2nc(N[C@]34C[C@H]5C[C@H](C[C@H](C5)C3)C4)nn2-c2ccccc2)cc1,-11.348
124,C1[C@]2(Nc3nn(-c4ccccc4)c(-c4ccccc4)n3)C[C@@H]3C[C@H]1C[C@@H](C3)C2,c1ccc(-c2nc(=N[C@]34C[C@H]5C[C@H](C[C@H](C5)C3)C4)[nH]n2-c2ccccc2)cc1,c1ccc(-c2n/c(=N\[C@]34C[C@H]5C[C@H](C[C@H](C5)C3)C4)[nH]n2-c2ccccc2)cc1,-11.009
125,C1[C@]2(Nc3nn(-c4ccccc4)c(-c4ccccc4)n3)C[C@@H]3C[C@H]1C[C@@H](C3)C2,c1ccc(-c2nc(=N[C@]34C[C@H]5C[C@H](C[C@H](C5)C3)C4)[nH]n2-c2ccccc2)cc1,c1ccc(-c2n/c(=N/[C@]34C[C@H]5C[C@H](C[C@H](C5)C3)C4)[nH]n2-c2ccccc2)cc1,-11.972
126,C1[C@]2(Nc3nn(C4CC4)c(-c4ccccc4)n3)C[C@@H]3C[C@H]1C[C@@H](C3)C2,c1ccc(-c2nc(N[C@]34C[C@H]5C[C@H](C[C@H](C5)C3)C4)nn2C2CC2)cc1,c1ccc(-c2nc(N[C@]34C[C@H]5C[C@H](C[C@H](C5)C3)C4)nn2C2CC2)cc1,-10.118
127,C1[C@]2(Nc3nn(C4CC4)c(-c4ccccc4)n3)C[C@@H]3C[C@H]1C[C@@H](C3)C2,c1ccc(-c2nc(=N[C@]34C[C@H]5C[C@H](C[C@H](C5)C3)C4)[nH]n2C2CC2)cc1,c1ccc(-c2n/c(=N\[C@]34C[C@H]5C[C@H](C[C@H](C5)C3)C4)[nH]n2C2CC2)cc1,-10.391
128,C1[C@]2(Nc3nn(C4CC4)c(-c4ccccc4)n3)C[C@@H]3C[C@H]1C[C@@H](C3)C2,c1ccc(-c2nc(=N[C@]34C[C@H]5C[C@H](C[C@H](C5)C3)C4)[nH]n2C2CC2)cc1,c1ccc(-c2n/c(=N/[C@]34C[C@H]5C[C@H](C[C@H](C5)C3)C4)[nH]n2C2CC2)cc1,-9.983
129,C1[C@]2(Nc3nn(CC=C(C)C)c(-c4ccccc4)n3)C[C@@H]3C[C@H]1C[C@@H](C3)C2,CC(C)=CCn1nc(N[C@]23C[C@H]4C[C@H](C[C@H](C4)C2)C3)nc1-c1ccccc1,CC(C)=CCn1nc(N[C@]23C[C@H]4C[C@H](C[C@H](C4)C2)C3)nc1-c1ccccc1,-10.631
130,C1[C@]2(Nc3nn(CC=C(C)C)c(-c4ccccc4)n3)C[C@@H]3C[C@H]1C[C@@H](C3)C2,CC(C)=CCn1[nH]c(=N[C@]23C[C@H]4C[C@H](C[C@H](C4)C2)C3)nc1-c1ccccc1,CC(C)=CCn1[nH]/c(=N/[C@]23C[C@H]4C[C@H](C[C@H](C4)C2)C3)nc1-c1ccccc1,-11.348
131,C1[C@]2(Nc3nn(CC=C(C)C)c(-c4ccccc4)n3)C[C@@H]3C[C@H]1C[C@@H](C3)C2,CC(C)=CCn1[nH]c(=N[C@]23C[C@H]4C[C@H](C[C@H](C4)C2)C3)nc1-c1ccccc1,CC(C)=CCn1[nH]/c(=N\[C@]23C[C@H]4C[C@H](C[C@H](C4)C2)C3)nc1-c1ccccc1,-11.126
132,C1[C@]2(Nc3nnc(-c4ccccc4)n3C)C[C@@H]3C[C@H]1C[C@@H](C3)C2,Cn1c(N[C@]23C[C@H]4C[C@H](C[C@H](C4)C2)C3)nnc1-c1ccccc1,Cn1c(N[C@]23C[C@H]4C[C@H](C[C@H](C4)C2)C3)nnc1-c1ccccc1,-9.499
133,C1[C@]2(Nc3nnc(-c4ccccc4)n3C)C[C@@H]3C[C@H]1C[C@@H](C3)C2,Cn1c(-c2ccccc2)n[nH]c1=N[C@]12C[C@H]3C[C@H](C[C@H](C3)C1)C2,Cn1c(-c2ccccc2)n[nH]/c1=N\[C@]12C[C@H]3C[C@H](C[C@H](C3)C1)C2,-9.84
134,C1[C@]2(Nc3nnc(-c4ccccc4)n3C)C[C@@H]3C[C@H]1C[C@@H](C3)C2,Cn1c(-c2ccccc2)n[nH]c1=N[C@]12C[C@H]3C[C@H](C[C@H](C3)C1)C2,Cn1c(-c2ccccc2)n[nH]/c1=N/[C@]12C[C@H]3C[C@H](C[C@H](C3)C1)C2,-10.061
135,C1[C@]2(Nc3n(Cc4ccccc4)nnn3)C[C@@H]3C[C@H]1C[C@@H](C3)C2,c1ccc(Cn2nnnc2N[C@]23C[C@H]4C[C@H](C[C@H](C4)C2)C3)cc1,c1ccc(Cn2nnnc2N[C@]23C[C@H]4C[C@H](C[C@H](C4)C2)C3)cc1,-9.725
136,C1[C@]2(Nc3n(Cc4ccccc4)nnn3)C[C@@H]3C[C@H]1C[C@@H](C3)C2,c1ccc(Cn2nn[nH]c2=N[C@]23C[C@H]4C[C@H](C[C@H](C4)C2)C3)cc1,c1ccc(Cn2nn[nH]/c2=N\[C@]23C[C@H]4C[C@H](C[C@H](C4)C2)C3)cc1,-9.792
137,C1[C@]2(Nc3n(Cc4ccccc4)nnn3)C[C@@H]3C[C@H]1C[C@@H](C3)C2,c1ccc(Cn2nn[nH]c2=N[C@]23C[C@H]4C[C@H](C[C@H](C4)C2)C3)cc1,c1ccc(Cn2nn[nH]/c2=N/[C@]23C[C@H]4C[C@H](C[C@H](C4)C2)C3)cc1,-9.678
138,C1[C@]2(Nc3n(Cc4ccccc4)nnn3)C[C@@H]3C[C@H]1C[C@@H](C3)C2,c1ccc(Cn2[nH]nnc2=N[C@]23C[C@H]4C[C@H](C[C@H](C4)C2)C3)cc1,c1ccc(Cn2[nH]nn/c2=N\[C@]23C[C@H]4C[C@H](C[C@H](C4)C2)C3)cc1,-9.825
139,C1[C@]2(Nc3n(Cc4ccccc4)nnn3)C[C@@H]3C[C@H]1C[C@@H](C3)C2,c1ccc(Cn2[nH]nnc2=N[C@]23C[C@H]4C[C@H](C[C@H](C4)C2)C3)cc1,c1ccc(Cn2[nH]nn/c2=N/[C@]23C[C@H]4C[C@H](C[C@H](C4)C2)C3)cc1,-9.921
140,C[C@H]1[C@]2(Nc3nn(-c4ccccc4)c(-c4ccccc4)n3)C[C@@H]3C[C@H]1C[C@@H](C3)C2,C[C@@H]1[C@@H]2C[C@H]3C[C@@H](C2)C[C@]1(Nc1nc(-c2ccccc2)n(-c2ccccc2)n1)C3,C[C@@H]1[C@@H]2C[C@H]3C[C@@H](C2)C[C@]1(Nc1nc(-c2ccccc2)n(-c2ccccc2)n1)C3,-11.845
141,C[C@H]1[C@]2(Nc3nn(-c4ccccc4)c(-c4ccccc4)n3)C[C@@H]3C[C@H]1C[C@@H](C3)C2,C[C@@H]1[C@@H]2C[C@H]3C[C@@H](C2)C[C@]1(N=c1nc(-c2ccccc2)n(-c2ccccc2)[nH]1)C3,C[C@@H]1[C@@H]2C[C@H]3C[C@@H](C2)C[C@]1(/N=c1\nc(-c2ccccc2)n(-c2ccccc2)[nH]1)C3,-11.808
142,C[C@H]1[C@]2(Nc3nn(-c4ccccc4)c(-c4ccccc4)n3)C[C@@H]3C[C@H]1C[C@@H](C3)C2,C[C@@H]1[C@@H]2C[C@H]3C[C@@H](C2)C[C@]1(N=c1nc(-c2ccccc2)n(-c2ccccc2)[nH]1)C3,C[C@@H]1[C@@H]2C[C@H]3C[C@@H](C2)C[C@]1(/N=c1/nc(-c2ccccc2)n(-c2ccccc2)[nH]1)C3,-12.329
143,C1[C@]2(Nc3nn(Cc4ccccc4)c(S(Cc4ccccc4)(=O)=O)n3)C[C@@H]3C[C@H]1C[C@@H](C3)C2,O=S(=O)(Cc1ccccc1)c1nc(N[C@]23C[C@H]4C[C@H](C[C@H](C4)C2)C3)nn1Cc1ccccc1,O=S(=O)(Cc1ccccc1)c1nc(N[C@]23C[C@H]4C[C@H](C[C@H](C4)C2)C3)nn1Cc1ccccc1,-12.154
144,C1[C@]2(Nc3nn(Cc4ccccc4)c(S(Cc4ccccc4)(=O)=O)n3)C[C@@H]3C[C@H]1C[C@@H](C3)C2,O=S(=O)(Cc1ccccc1)c1nc(=N[C@]23C[C@H]4C[C@H](C[C@H](C4)C2)C3)[nH]n1Cc1ccccc1,O=S(=O)(Cc1ccccc1)c1n/c(=N\[C@]23C[C@H]4C[C@H](C[C@H](C4)C2)C3)[nH]n1Cc1ccccc1,-12.766
145,C1[C@]2(Nc3nn(Cc4ccccc4)c(S(Cc4ccccc4)(=O)=O)n3)C[C@@H]3C[C@H]1C[C@@H](C3)C2,O=S(=O)(Cc1ccccc1)c1nc(=N[C@]23C[C@H]4C[C@H](C[C@H](C4)C2)C3)[nH]n1Cc1ccccc1,O=S(=O)(Cc1ccccc1)c1n/c(=N/[C@]23C[C@H]4C[C@H](C[C@H](C4)C2)C3)[nH]n1Cc1ccccc1,-11.758
146,n1[nH]c(-c2ccccc2)nc1N[C@]12C[C@@H]3C[C@H](C1)C[C@H](C2)C3,c1ccc(-c2nc(N[C@]34C[C@H]5C[C@H](C[C@H](C5)C3)C4)n[nH]2)cc1,c1ccc(-c2nc(N[C@]34C[C@H]5C[C@H](C[C@H](C5)C3)C4)n[nH]2)cc1,-9.849
147,n1[nH]c(-c2ccccc2)nc1N[C@]12C[C@@H]3C[C@H](C1)C[C@H](C2)C3,c1ccc(-c2nnc(N[C@]34C[C@H]5C[C@H](C[C@H](C5)C3)C4)[nH]2)cc1,c1ccc(-c2nnc(N[C@]34C[C@H]5C[C@H](C[C@H](C5)C3)C4)[nH]2)cc1,-9.61
148,n1[nH]c(-c2ccccc2)nc1N[C@]12C[C@@H]3C[C@H](C1)C[C@H](C2)C3,c1ccc(-c2nc(=N[C@]34C[C@H]5C[C@H](C[C@H](C5)C3)C4)[nH][nH]2)cc1,c1ccc(-c2n/c(=N/[C@]34C[C@H]5C[C@H](C[C@H](C5)C3)C4)[nH][nH]2)cc1,-10.309
149,n1[nH]c(-c2ccccc2)nc1N[C@]12C[C@@H]3C[C@H](C1)C[C@H](C2)C3,c1ccc(-c2nc(=N[C@]34C[C@H]5C[C@H](C[C@H](C5)C3)C4)[nH][nH]2)cc1,c1ccc(-c2n/c(=N\[C@]34C[C@H]5C[C@H](C[C@H](C5)C3)C4)[nH][nH]2)cc1,-10.154
150,n1[nH]c(-c2ccccc2)nc1N[C@]12C[C@@H]3C[C@H](C1)C[C@H](C2)C3,c1ccc(-c2n[nH]c(N[C@]34C[C@H]5C[C@H](C[C@H](C5)C3)C4)n2)cc1,c1ccc(-c2n[nH]c(N[C@]34C[C@H]5C[C@H](C[C@H](C5)C3)C4)n2)cc1,-9.489
151,n1[nH]c(-c2ccccc2)nc1N[C@]12C[C@@H]3C[C@H](C1)C[C@H](C2)C3,c1ccc(-c2n[nH]c(=N[C@]34C[C@H]5C[C@H](C[C@H](C5)C3)C4)[nH]2)cc1,c1ccc(-c2n[nH]/c(=N\[C@]34C[C@H]5C[C@H](C[C@H](C5)C3)C4)[nH]2)cc1,-10.407
152,n1[nH]c(-c2ccccc2)nc1N[C@]12C[C@@H]3C[C@H](C1)C[C@H](C2)C3,c1ccc(-c2n[nH]c(=N[C@]34C[C@H]5C[C@H](C[C@H](C5)C3)C4)[nH]2)cc1,c1ccc(-c2n[nH]/c(=N/[C@]34C[C@H]5C[C@H](C[C@H](C5)C3)C4)[nH]2)cc1,-10.122
153,n1n(C)c(C#N)nc1N[C@]12C[C@@H]3C[C@H](C1)C[C@H](C2)C3,Cn1nc(N[C@]23C[C@H]4C[C@H](C[C@H](C4)C2)C3)nc1C#N,Cn1nc(N[C@]23C[C@H]4C[C@H](C[C@H](C4)C2)C3)nc1C#N,-8.379
154,n1n(C)c(C#N)nc1N[C@]12C[C@@H]3C[C@H](C1)C[C@H](C2)C3,Cn1[nH]c(=N[C@]23C[C@H]4C[C@H](C[C@H](C4)C2)C3)nc1C#N,Cn1[nH]/c(=N/[C@]23C[C@H]4C[C@H](C[C@H](C4)C2)C3)nc1C#N,-8.24
155,n1n(C)c(C#N)nc1N[C@]12C[C@@H]3C[C@H](C1)C[C@H](C2)C3,Cn1[nH]c(=N[C@]23C[C@H]4C[C@H](C[C@H](C4)C2)C3)nc1C#N,Cn1[nH]/c(=N\[C@]23C[C@H]4C[C@H](C[C@H](C4)C2)C3)nc1C#N,-9.245
156,n1n(-c2ccncc2)c(-c2ccccc2)cc1N[C@]12C[C@@H]3C[C@H](C1)C[C@H](C2)C3,c1ccc(-c2cc(N[C@]34C[C@H]5C[C@H](C[C@H](C5)C3)C4)nn2-c2ccncc2)cc1,c1ccc(-c2cc(N[C@]34C[C@H]5C[C@H](C[C@H](C5)C3)C4)nn2-c2ccncc2)cc1,-11.069
157,n1n(-c2ccncc2)c(-c2ccccc2)cc1N[C@]12C[C@@H]3C[C@H](C1)C[C@H](C2)C3,c1ccc(-c2cc(=N[C@]34C[C@H]5C[C@H](C[C@H](C5)C3)C4)[nH]n2-c2ccncc2)cc1,c1ccc(-c2c/c(=N\[C@]34C[C@H]5C[C@H](C[C@H](C5)C3)C4)[nH]n2-c2ccncc2)cc1,-10.892
158,n1n(-c2ccncc2)c(-c2ccccc2)cc1N[C@]12C[C@@H]3C[C@H](C1)C[C@H](C2)C3,c1ccc(-c2cc(=N[C@]34C[C@H]5C[C@H](C[C@H](C5)C3)C4)[nH]n2-c2ccncc2)cc1,c1ccc(-c2c/c(=N/[C@]34C[C@H]5C[C@H](C[C@H](C5)C3)C4)[nH]n2-c2ccncc2)cc1,-11.467
